id,domain,status,purchase_price,renewal_price,attractiveness,demand,length,registrar,created_at,expires_at,status_verified_at
969d25be-ab97-489b-a752-8600b69c3cdb,homeless.free,premium,116,116,high,low,8,namesilo,,,14/08/2026 12:07
15e61628-0029-4988-ba9d-59fe72471b95,snidely.free,available,38.98,44.98,medium,low,7,namecheap,,,16/09/2026 03:18
1b56d1b4-69b2-424b-9169-7cd2ec1e760e,samples.free,premium,130,130,high,low,7,namecheap,,,20/09/2026 18:39
121f6e1a-369f-434f-a2f2-95684d07d52e,peace.free,premium,625,,high,low,5,name.com,,,
f78fa5fa-b5dd-4029-b96d-51b1ea6dcef7,locomote.free,available,38.98,44.98,medium,low,8,namecheap,,,20/08/2026 15:49
a183ddd1-cf94-4676-b1bd-58c87476ca20,squirting.free,premium,116,116,medium,low,9,namesilo,,,22/08/2026 13:15
fe12ebb3-9471-44a9-a991-fd9c34f7b61d,talented.free,premium,116,116,high,low,8,namesilo,,,18/08/2026 23:26
c26f11fe-6eb8-47b7-ac7c-c88bd63ae5a1,uncured.free,available,38.98,44.98,medium,low,7,namecheap,,,12/09/2026 06:39
4e7adc77-88f6-4488-a306-5e071fb405e7,arrests.free,available,38.98,44.98,medium,low,7,namecheap,,,20/09/2026 19:12
f94a3f02-a8fd-49f3-8072-5366d4c6105a,arcadia.free,premium,116,116,high,medium,7,namesilo,,,20/09/2026 01:36
34ff1706-7c6f-41e9-a05d-ba7de466a707,colloidal.free,available,38.98,44.98,medium,low,9,namecheap,,,12/08/2026 17:12
4a2df200-9988-4d51-84cb-d97d898ed403,suggested.free,premium,116,116,medium,low,9,namesilo,,,18/09/2026 13:48
5d51b08d-65c9-49ea-8937-b76180566841,fiction.free,premium,116,116,high,low,7,namesilo,,,
cdd5bd41-7824-4e0d-ae3e-3711c441eeb4,notifiable.free,available,38.98,44.98,medium,low,10,namecheap,,,03/09/2026 22:10
e02377f4-edf8-476b-90ec-ecab1f07cdc7,present.free,premium,116,116,high,low,7,namesilo,,,25/09/2026 04:02
6be1899b-56bf-43c1-bdbe-44268dfb2c8a,deific.free,available,38.98,44.98,medium,low,6,namecheap,,,14/08/2026 00:13
c62a2982-9704-426d-a735-34a2c7a12753,aerial.free,premium,116,116,high,low,6,namesilo,,,
d6365a14-e740-4e84-ab1e-6e91688256be,dualistic.free,available,38.98,44.98,medium,low,9,namecheap,,,14/08/2026 20:40
7a8b8343-9bd2-4464-9c28-bdb0b7876471,simony.free,available,38.99,38.99,medium,low,6,namesilo,,,22/09/2026 08:05
a74afbd2-de32-4eb6-bd80-159e53e2d756,teal.free,available,38.99,38.99,high,low,4,namesilo,,,22/09/2026 23:03
cefb7af2-6d4a-47be-b4aa-f50638359ff8,energizer.free,available,38.99,38.99,high,low,9,namesilo,,,19/09/2026 09:06
4e45d551-3950-432e-8e2e-f7e8d2658a7c,habitual.free,available,38.98,44.98,high,low,8,namecheap,,,20/08/2026 21:28
dbed4249-d11c-4e4d-89ac-a239d20c023d,metrical.free,available,38.98,44.98,high,low,8,namecheap,,,24/08/2026 22:08
e0895547-78e1-4fff-8397-60a9d18b599e,byword.free,available,38.99,38.99,medium,low,6,namesilo,,,17/09/2026 06:09
5f2ba032-cb04-456c-8464-845a67695c7f,striation.free,available,38.99,38.99,medium,low,9,namesilo,,,22/09/2026 01:19
bc6434a7-caae-42e6-a082-cc6800cbe812,incursive.free,available,38.98,44.98,medium,low,9,namecheap,,,22/08/2026 02:09
b6361f33-4917-4d81-a1ac-bf30cebc5b44,benedick.free,available,38.98,44.98,high,low,8,namecheap,,,23/09/2026 07:51
ec38d6d7-8c7f-4ce4-8425-1e4e3a6b01c4,acrobatics.free,available,38.99,38.99,high,low,10,namesilo,,,17/09/2026 03:19
6fe55349-3421-49cd-9d43-3c2ba158428c,nth.free,premium,1107,1107,medium,low,3,namesilo,,,03/09/2026 12:35
8552e62b-9801-4e94-ad0d-9164c1da25f6,inharmonic.free,available,38.98,44.98,low,low,10,namecheap,,,14/08/2026 10:54
96050841-a1d5-4fe0-b3b4-07074f38b0c2,heathen.free,available,38.98,44.98,high,low,7,namecheap,,,18/08/2026 21:55
b423fb55-d0de-4492-82ed-8389f407a9b0,intersex.free,available,38.98,44.98,high,low,8,namecheap,,,17/08/2026 10:33
e7792e0d-e7e8-4318-9f68-804238719b8c,carve.free,available,59.99,59.99,high,low,5,name.com,,,13/08/2026 12:51
afbef25a-1ad8-473b-bf8c-9e961e79c4b5,dendroid.free,available,38.98,44.98,medium,low,8,namecheap,,,06/08/2026 13:50
f252fbdd-696b-4735-8e8f-aeb6a19cc989,bjs.free,premium,1107,1107,high,low,3,namesilo,,,23/09/2026 23:25
38658ca4-7b06-4629-98f8-4df181a4de5f,polyphonic.free,premium,116,116,medium,low,10,namesilo,,,08/09/2026 23:27
d38238bb-eefc-44f9-b5c8-2626932198a2,action.free,premium,1107,1107,high,medium,6,namesilo,,,25/09/2026 10:33
d42aea17-09c4-4b43-9d77-7da92aadbe3d,oncologic.free,available,38.98,44.98,medium,low,9,namecheap,,,04/09/2026 14:25
17550dc5-3cd0-4db5-8e37-16c4e95ea7b3,diehard.free,available,38.98,44.98,high,low,7,namecheap,,,11/09/2026 18:42
922cc963-2a94-44be-a518-4c52fc8ba253,papa.free,available,38.99,38.99,high,low,4,namesilo,,,
03d6ef26-2e0c-498b-85e6-41bda803235a,letter.free,premium,130,130,high,low,6,namecheap,,,24/09/2026 02:40
ae1e295c-1f50-439b-b709-56b936f20b81,revolved.free,available,44.98,,medium,low,8,namecheap,,,
3ab6a342-6566-4af0-bf28-330dafbebb2f,planted.free,available,38.98,44.98,high,low,7,namecheap,,,24/09/2026 04:59
29e8f945-08f1-4489-8563-7ebca4212c92,historic.free,premium,116,116,high,low,8,namesilo,,,21/08/2026 09:51
e8b80962-7a76-4923-add7-f688caa32131,short.free,premium,640,640,high,medium,5,namesilo,,,24/09/2026 04:44
6b9aa8c6-471c-4104-90fa-861518d9b8a4,maintain.free,premium,116,116,high,low,8,namesilo,,,
5a811554-9844-4d83-a96a-c8028d17e675,artificial.free,premium,116,116,high,low,10,namesilo,,,22/09/2026 08:57
9110eea0-aaea-485e-8ae9-f441f3d3d36e,norwich.free,premium,116,116,high,low,7,namesilo,,,25/09/2026 14:43
d01255b4-b01a-47c4-a4cd-3ef443343b82,wickedly.free,available,38.98,44.98,medium,low,8,namecheap,,,14/09/2026 16:40
3504bd4b-ac8c-4deb-9070-f14eb5423b2b,donor.free,premium,640,640,high,low,5,namesilo,,,23/09/2026 10:42
9a9634c4-33a4-466a-ad97-ffc3e8860717,ambiguity.free,available,38.98,44.98,high,low,9,namecheap,,,18/09/2026 16:43
3e673864-82f5-4292-b168-cf6e6c104e98,briss.free,available,38.99,38.99,medium,low,5,namesilo,,,23/09/2026 09:30
a61e410f-c2e4-47c2-bf8e-79a910feff9b,butterflies.free,available,38.99,38.99,high,low,11,namesilo,,,16/09/2026 12:02
301ada2f-b4ce-4fa5-909c-5cf77ed2e764,drone.free,premium,130,130,high,medium,5,namecheap,,,25/09/2026 13:01
29ef03f0-99fe-4f6a-a693-4eec9ea70da4,fourfold.free,available,38.98,44.98,high,low,8,namecheap,,,18/08/2026 13:28
1b2b8cd5-7611-415e-9b4a-08a38e1a1cfe,turnovers.free,available,38.99,38.99,medium,low,9,namesilo,,,19/09/2026 22:02
212994a2-d6bb-4ec2-b100-67babb6f06c5,celtic.free,premium,116,116,high,low,6,namesilo,,,11/08/2026 23:38
9dfcab57-5f36-4e3a-a37f-04041a739145,streisand.free,available,38.98,44.98,high,low,9,namecheap,,,22/09/2026 05:03
aee69bb7-bc6d-4e28-bb01-1249102f2e2b,signed.free,premium,116,116,high,low,6,namesilo,,,18/08/2026 22:58
e9278b8d-bd14-45eb-a153-38676f52d1a0,diane.free,premium,650,650,high,low,5,namecheap,,,25/09/2026 19:09
2aaedadd-10dd-4551-a94c-fb6261e35b2d,chime.free,available,,,high,low,5,,,,
3f55fd5e-bcf3-44bf-b346-ec3498094ed8,unscripted.free,available,38.98,44.98,medium,low,10,namecheap,,,12/09/2026 19:05
bd5e8be6-f084-4a17-843d-8cd874d733c2,attachable.free,available,38.98,44.98,medium,low,10,namecheap,,,07/08/2026 15:36
58fe3df2-fd96-4ec7-90f0-46a77dc5fbdb,fifth.free,premium,625,625,high,low,5,name.com,,,
4e5a1c4e-2db6-461e-abad-6dd056758387,overturned.free,available,38.98,44.98,medium,low,10,namecheap,,,04/09/2026 21:55
a2dad569-d1fd-402e-821b-8b6ab9907eae,seedcase.free,available,38.98,44.98,medium,low,8,namecheap,,,12/08/2026 15:07
0fb30c49-1dcd-4f5e-a334-6ad2a76430cd,prosperous.free,available,38.98,44.98,high,low,10,namecheap,,,10/08/2026 19:19
90b84910-0ff2-46e2-a3d4-298a838c57bd,aspirator.free,available,38.99,38.99,high,low,9,namesilo,,,20/09/2026 15:23
558031a0-321d-4fcd-aa47-f69abde3d22f,sluggish.free,available,38.98,44.98,medium,low,8,namecheap,,,10/09/2026 11:29
c22a6f3b-3b96-449a-aa35-d7117158bccc,cent.free,premium,1107,1107,high,low,4,namesilo,,,08/09/2026 08:07
e87a3e91-81ee-4d75-976c-d13b0b955cf9,pair.free,premium,1107,1107,high,low,4,namesilo,,,
742c9bad-495d-4997-a951-50966e7c174f,bandanna.free,available,38.99,38.99,high,low,8,namesilo,,,22/09/2026 00:59
d23ae8e6-4369-45eb-9a1a-492cb8898623,once.free,premium,1107,1107,high,low,4,namesilo,,,24/09/2026 15:11
b9ea10f1-a71a-4e64-8899-db8c95fe33f6,assured.free,premium,116,116,high,low,7,namesilo,,,07/08/2026 08:21
71f3a8f2-5f01-424f-b8c8-f9f5b8c142e3,affluent.free,available,38.99,38.99,high,low,8,namesilo,,,21/09/2026 21:54
df01f1d3-c4fa-4d9d-bb36-3ba9153420ff,nash.free,premium,116,116,high,low,4,namesilo,,,
1dfaa83a-4019-4a30-8338-387997259af4,ravenna.free,available,38.99,38.99,medium,low,7,namesilo,,,22/09/2026 15:51
1ba52ea8-2d67-46f3-9814-e0f110085d65,piagetian.free,available,38.98,44.98,high,medium,9,namecheap,,,08/09/2026 19:26
06d854f8-d2bc-4b4c-bf4f-b352a49688f0,bedewed.free,available,38.98,44.98,low,low,7,namecheap,,,09/08/2026 06:46
da8f155b-8c12-4586-8521-ad7ab87d562a,field.free,premium,625,,high,low,5,name.com,,,
4a64b2b8-6986-482e-8429-4d385b97da1f,precautions.free,available,38.98,44.98,medium,low,11,namecheap,,,18/09/2026 09:01
97a2b994-a87f-496d-a136-692333e32ad6,pavlovian.free,available,38.98,44.98,medium,low,9,namecheap,,,08/09/2026 10:55
040e1ec4-f0a7-4345-9462-ad134cd1fd71,benefit.free,premium,116,116,high,low,7,namesilo,,,23/09/2026 07:55
8ee472b9-0b32-4e71-90a8-70b90f6a9082,binful.free,available,38.99,38.99,medium,low,6,namesilo,,,23/09/2026 17:14
0e5b0eac-f4ee-4d6f-855c-ecf6eb8952c4,bald.free,premium,1107,1107,medium,low,4,namesilo,,,08/08/2026 09:16
dcd1a311-b085-4e1e-b3a6-7f9dc8077c90,splitting.free,available,38.98,44.98,high,low,9,namecheap,,,09/09/2026 14:01
8ff3737a-5aa5-4814-9eed-872aa60f30ed,exodus.free,premium,130,130,high,low,6,namecheap,,,24/09/2026 06:52
f1bb789f-13a4-4a6d-a75f-2a97141672a6,palatial.free,available,38.98,44.98,high,low,8,namecheap,,,04/09/2026 23:22
1745ab27-f27f-4707-b385-5b838cb5b42d,ascii.free,premium,640,640,high,low,5,namesilo,,,18/09/2026 20:43
1d1cfc5b-bb0b-4c1d-9336-bfa71736cba9,peaky.free,available,38.98,44.98,medium,low,5,namecheap,,,08/09/2026 11:10
76af79c2-465d-4944-b744-6e57af37a93c,enabling.free,premium,125,125,high,low,8,name.com,,,16/08/2026 21:07
601193ee-f796-43d4-b0a0-5d0a82a25911,orders.free,premium,116,116,high,low,6,namesilo,,,18/09/2026 14:04
e4e8e5fe-e0df-4efd-bab6-6d44edd39834,unformed.free,available,38.98,44.98,medium,low,8,namecheap,,,12/09/2026 10:39
f0e23f76-e727-4218-88c1-af199bb4b00d,evacuate.free,available,38.99,38.99,high,low,8,namesilo,,,
9f82c810-d070-471c-bf92-c605caf9cf85,spy.free,premium,3125,3125,high,low,3,name.com,,,25/09/2026 10:42
8809a7b5-6bff-4955-a7ed-032e3a3227eb,palatal.free,available,38.98,44.98,high,low,7,namecheap,,,04/09/2026 23:18
a40a6d36-1431-4176-87ee-eabc3c6a5308,blacksnake.free,available,38.99,38.99,medium,low,10,namesilo,,,24/09/2026 01:28
85da0a04-685f-4d86-8c44-419ea47998bc,holloway.free,premium,116,116,high,low,8,namesilo,,,26/09/2026 03:22
2d1597a2-dd56-4e28-8a40-edd035cf24ba,damaged.free,premium,125,125,high,low,7,name.com,,,13/08/2026 16:03
7bdd60ec-a238-4410-a15e-616fe211da03,happily.free,available,38.99,38.99,high,low,7,namesilo,,,
803a644e-0bf3-48bf-8b83-8d586de3c722,bodily.free,available,38.98,44.98,high,low,6,namecheap,,,10/08/2026 16:52
851bc5a6-fef4-4bd5-8f82-c13fc4a0f2cb,mentor.free,premium,125,,high,low,6,name.com,,,
df24a804-ddf2-4a04-96e7-b0de0ce90bb0,makers.free,premium,116,116,high,medium,6,namesilo,,,19/09/2026 22:57
1cff29f8-68cb-482e-a361-2c3d1fe0b6af,ultimo.free,available,38.98,44.98,high,low,6,namecheap,,,11/09/2026 22:47
72c883b0-1842-4a8e-bdae-56323445db92,executed.free,premium,116,116,high,low,8,namesilo,,,17/08/2026 16:55
0135f9e1-c0dc-4b2c-95a7-c33293960b3d,pretorian.free,available,38.98,44.98,high,medium,9,namecheap,,,09/09/2026 01:00
f890b35b-0f0d-4d21-83eb-2fa1217105e2,unfriendly.free,available,38.98,44.98,high,low,10,namecheap,,,22/08/2026 05:19
933d4491-a4de-46b5-b75f-85b2b729ec60,addled.free,available,38.98,44.98,medium,low,6,namecheap,,,
ec4077bd-39ab-4b53-8887-a5849658de98,glimmery.free,available,38.98,44.98,medium,low,8,namecheap,,,20/08/2026 14:28
e7450567-c188-4e3b-946c-26fbfe5f05e7,balsa.free,available,38.99,38.99,high,low,5,namesilo,,,21/09/2026 23:56
be04b3ff-04de-424f-a5f3-f766c6be1970,soulful.free,available,38.98,44.98,high,low,7,namecheap,,,10/09/2026 14:42
fd83015c-5c16-4622-bce7-df007c2ddfbe,roof.free,premium,1107,1107,high,low,4,namesilo,,,
03e39b73-8e03-42c5-9749-69b51ea7f408,costless.free,available,38.98,44.98,high,low,8,namecheap,,,13/08/2026 03:12
dcffa860-80b5-40e7-8749-b2bfb0015ef4,represent.free,premium,116,116,high,low,9,namesilo,,,
9937fc57-8e04-495c-a3ff-6fa1bdb7ae09,exponent.free,available,38.99,38.99,high,low,8,namesilo,,,17/09/2026 11:51
e1abd82f-4c90-4f58-9a4f-27cbefe10bdd,overhang.free,premium,116,116,medium,low,8,namesilo,,,09/08/2026 08:27
aa2608ad-b209-4fa2-beec-e2cd11a8fc12,planes.free,premium,116,116,high,low,6,namesilo,,,17/09/2026 03:50
5cbda37f-8c1f-4c81-a96a-39824bec31e7,cupboard.free,premium,116,116,high,low,8,namesilo,,,24/09/2026 15:58
a3ee928c-61bf-4628-8c1c-7b0dd8a06923,syntactic.free,available,38.98,44.98,high,low,9,namecheap,,,11/09/2026 06:39
70f66120-6520-402f-b66b-b151f91bb37e,menacingly.free,available,38.98,44.98,medium,low,10,namecheap,,,15/09/2026 14:03
85b10532-0326-43e4-bb93-92fc08e75ca2,pantheist.free,available,38.98,44.98,medium,low,9,namecheap,,,05/09/2026 01:06
8265dfef-fc9f-48d1-9f94-7b4b1eaa0bb7,defensible.free,available,38.98,44.98,high,low,10,namecheap,,,13/08/2026 23:11
ccdffdd7-4224-40ea-b511-cb07265bb963,linnaean.free,available,38.98,44.98,medium,low,8,namecheap,,,23/08/2026 16:38
3aa4e459-0ed2-44c7-b300-3c6a903d01d9,autogenic.free,available,38.98,44.98,medium,low,9,namecheap,,,07/08/2026 20:21
90a4d6d3-512a-4a66-a223-3e4f9beb10fa,astronomy.free,premium,130,130,high,low,9,namecheap,,,20/09/2026 18:10
24c83c45-7c09-4e17-a67c-b69fb49b741c,wanderer.free,available,38.98,44.98,high,low,8,namecheap,,,23/09/2026 20:11
4939327f-624d-4a16-b904-133b36e3a92a,hieratic.free,available,38.98,44.98,medium,low,8,namecheap,,,21/08/2026 08:24
b5de7b6c-55c7-49ac-8892-515d60a805fc,agnostic.free,available,38.99,38.99,high,low,8,namesilo,,,21/09/2026 23:11
8d5f3517-beee-401d-ab20-c016b24ba156,beefeater.free,available,38.99,38.99,medium,low,9,namesilo,,,23/09/2026 01:09
4e8bbcab-485f-4254-a22b-7eb405b9aeb7,interlaced.free,available,38.98,44.98,medium,low,10,namecheap,,,22/08/2026 08:04
056b231c-54da-47f1-b235-cc21b3b667ad,rurally.free,available,38.98,44.98,medium,low,7,namecheap,,,16/09/2026 00:20
5377c225-343e-4044-a8b6-80aee2f18373,asuncion.free,available,38.98,44.98,high,low,8,namecheap,,,20/09/2026 18:23
cbcde880-8b62-4aff-a820-3aa78ae91275,unchanged.free,available,38.98,44.98,high,low,9,namecheap,,,12/09/2026 00:32
2184808e-cffb-43a0-a247-27f511a21a6e,craniate.free,available,38.98,44.98,medium,low,8,namecheap,,,13/09/2026 04:37
c9e32b67-5806-40ea-88c6-60527d41cd80,technology.free,premium,640,640,high,low,10,namesilo,,,25/09/2026 15:15
b19c4e32-2ac6-4be8-a6e0-5be159c52b94,pinch.free,available,38.99,38.99,high,low,5,namesilo,,,
29856398-31fc-41dc-a693-c7761814c966,poetic.free,available,38.98,44.98,high,low,6,namecheap,,,08/09/2026 22:33
f7c248f0-c347-488d-b3ff-726f7609cc29,mucous.free,available,38.98,44.98,medium,low,6,namecheap,,,03/09/2026 10:14
3b78e8f5-fb85-4f41-bd36-4e6e2ac547b3,plumbers.free,available,38.99,38.99,medium,low,8,namesilo,,,20/09/2026 11:13
ac995a01-835e-4d65-8b03-d6c212e0b462,umbilical.free,available,38.98,44.98,high,low,9,namecheap,,,11/09/2026 23:00
7cbd8778-0704-4fd9-bb92-6bcbc9321cdf,reticular.free,available,38.98,44.98,medium,low,9,namecheap,,,09/09/2026 15:34
53dd9ea9-6500-4bb2-a2f5-84b5327b2aab,branded.free,available,38.99,38.99,high,low,7,namesilo,,,23/09/2026 02:22
052c6704-d004-4242-a886-6cdf72f51353,faecal.free,available,38.98,44.98,medium,low,6,namecheap,,,17/08/2026 20:36
dfbc1afe-3811-418f-9f13-1e3c53ecc1b4,bond.free,premium,1107,1107,high,low,4,namesilo,,,
df7fa612-a604-4441-907e-fc4be4d6645e,practised.free,available,38.98,44.98,high,medium,9,namecheap,,,09/09/2026 00:57
0c3215cc-dce6-423b-b83b-6f6ac81396a4,dynamical.free,available,38.98,44.98,high,low,9,namecheap,,,14/08/2026 21:57
75494fb0-a806-499b-afd9-a74e496fc059,birch.free,premium,116,116,high,low,5,namesilo,,,10/08/2026 05:53
32577824-f6ce-42d9-8bab-57d706cd556f,rattle.free,available,38.99,38.99,high,low,6,namesilo,,,19/09/2026 15:18
919d69ea-4183-40d2-8d35-ae68c077b175,brusque.free,available,38.98,44.98,medium,low,7,namecheap,,,11/08/2026 07:02
8459c3f7-a756-4911-9564-0ca195039e7d,request.free,premium,116,116,high,low,7,namesilo,,,
4d4b421b-c4ee-4dd2-949e-a6ac5885d63d,states.free,premium,116,116,high,low,6,namesilo,,,19/09/2026 11:16
73f607fb-cdc9-42dc-b4f0-704784b04c37,creates.free,premium,116,116,high,low,7,namesilo,,,25/09/2026 23:26
ee282562-df3e-43a3-8e39-cd8d4e267001,adulterate.free,available,38.98,44.98,medium,low,10,namecheap,,,
487fbc86-52d2-435e-8d6f-9d291e59209c,cartesian.free,available,38.98,44.98,high,low,9,namecheap,,,11/08/2026 19:49
e56b5918-9d27-4ff2-a2a9-32d19108c217,fernando.free,premium,130,130,high,low,8,namecheap,,,25/09/2026 14:20
a972dd5c-045c-4255-9f6c-69a3f0de76aa,bethune.free,available,38.99,38.99,medium,low,7,namesilo,,,23/09/2026 11:17
fe779df6-87fa-4e07-98ec-9de406e67f7c,roguish.free,available,38.98,44.98,medium,low,7,namecheap,,,10/08/2026 11:58
6b6e7f92-bd53-4ac5-a1e4-bb6bd3da96a0,footing.free,available,38.99,38.99,high,low,7,namesilo,,,22/09/2026 11:02
980c3e13-ac76-49b8-b1fd-1729c3603596,cybernetic.free,available,38.99,38.99,high,low,10,namesilo,,,19/09/2026 11:38
e7f379fd-58a9-46f2-b7ec-7c84710f86fe,slug.free,available,38.99,38.99,high,low,4,namesilo,,,23/09/2026 13:52
5775c513-365b-41f6-ac05-7dcae58d9585,armada.free,available,38.99,38.99,high,low,6,namesilo,,,
59bf521e-05e1-428d-95e6-b7078ca33b17,acarus.free,available,38.98,44.98,medium,low,6,namecheap,,,16/09/2026 21:38
58b48c04-eb3f-41f6-9c9a-97fcb705e002,unbeknown.free,available,38.98,44.98,medium,low,9,namecheap,,,12/09/2026 01:47
92f46985-fdd9-4b0e-8400-981a7cb1aef2,collateral.free,available,38.98,44.98,high,low,10,namecheap,,,12/08/2026 16:42
226baaf7-8806-4073-9aaa-a2b5bbe65e13,fresher.free,available,38.98,44.98,high,low,7,namecheap,,,18/08/2026 15:22
92067a3f-6d83-4ee9-84da-740f82644596,infrasonic.free,available,38.98,44.98,high,low,10,namecheap,,,22/08/2026 04:48
674fb304-67cf-4b67-a1fe-373472345344,dipylon.free,available,38.98,44.98,medium,low,7,namecheap,,,14/08/2026 08:43
26e68eaf-43f1-4c73-b21f-497821281c21,never.free,premium,625,,high,low,5,name.com,,,
5cbb32b2-aeae-4601-976b-5ea9257f8f74,steadied.free,available,38.98,44.98,medium,low,8,namecheap,,,10/09/2026 19:30
7c9a3cbc-c7e6-4986-9059-6105f0f8c1c0,forests.free,premium,125,125,medium,low,7,name.com,,,18/09/2026 06:04
9706b563-3521-4843-823e-96b35b6946e7,neck.free,premium,1107,1107,high,low,4,namesilo,,,
d23c913e-a1a9-4909-a1ea-f1b0888881f3,shun.free,available,38.99,38.99,high,low,4,namesilo,,,24/09/2026 02:00
c2fea08e-dd1e-4bc1-bc90-eb755953dae9,axseed.free,available,38.99,38.99,medium,low,6,namesilo,,,21/09/2026 10:31
a28459d3-135f-4439-a7cc-df9aca90c19a,nix.free,premium,1107,1107,high,low,3,namesilo,,,03/09/2026 22:30
903b11d8-fee0-4d52-a8a9-2a7bb68672b3,tillable.free,available,38.98,44.98,medium,low,8,namecheap,,,06/08/2026 11:25
409cdeba-2b1b-4c8b-92ac-31fd2a1948bc,lake.free,premium,1107,1107,high,low,4,namesilo,,,
9da51cd4-e17d-435f-b210-639e676ed0f5,crapper.free,available,38.98,44.98,high,medium,7,namecheap,,,09/09/2026 00:52
c126d85e-09db-4f98-b067-0ff5292bf697,campbell.free,premium,116,116,high,low,8,namesilo,,,24/09/2026 11:53
4eac159b-8710-4374-897a-294fb9eab518,thanks.free,premium,125,,high,low,6,name.com,,,
47915698-bffa-4beb-ac5f-6955f6eed94b,robotics.free,premium,116,116,high,low,8,namesilo,,,23/09/2026 09:20
410535db-cabb-4eaa-bfb2-b4dee6cff57d,specialty.free,premium,116,116,high,low,9,namesilo,,,18/08/2026 12:30
bfec730f-9799-411d-8bda-887e2de46fc5,contains.free,premium,116,116,medium,low,8,namesilo,,,18/09/2026 15:08
52609016-36ea-4d4c-847b-e00d4c73d031,codified.free,available,38.98,44.98,medium,low,8,namecheap,,,12/08/2026 15:19
9beaae85-a7e0-432f-bc2d-9875e7065166,adman.free,available,38.99,38.99,high,low,5,namesilo,,,17/09/2026 08:40
dbb65c8c-9cff-494f-8b54-dae1e6b7269d,ninth.free,available,38.98,44.98,high,low,5,namecheap,,,
a3ae0de0-99c8-46b5-bbec-267422c901c2,firstborn.free,available,38.98,44.98,high,low,9,namecheap,,,16/08/2026 02:17
21ad9a6e-b4a1-46ba-bfca-730b1f262032,nance.free,available,38.98,44.98,medium,low,5,namecheap,,,09/09/2026 08:05
82eccf95-019d-477d-b170-2c04e8768812,abjuration.free,available,38.98,44.98,medium,low,10,namecheap,,,16/09/2026 15:59
53fd9f7e-2a63-4fdf-aa5c-c5d88dd087bb,ritually.free,available,38.98,44.98,medium,low,8,namecheap,,,15/09/2026 23:55
22a91d31-5599-4d0a-bf63-f97a8b7b1b9b,sere.free,available,38.98,44.98,medium,low,4,namecheap,,,14/08/2026 19:03
f807ece2-bd4e-4311-bb98-5b4f9f34a7d7,burst.free,premium,640,640,high,low,5,namesilo,,,24/09/2026 10:35
56a69d09-f74e-4b15-8114-96a7f03bbeb3,units.free,premium,640,640,high,low,5,namesilo,,,17/09/2026 16:07
012e22d4-0fec-4437-bda1-482e5bc0edaf,roman.free,premium,625,,high,low,5,name.com,,,
4e329e94-5533-4a88-80a9-aad08ee82792,fault.free,premium,625,625,high,low,5,name.com,,,10/08/2026 12:51
34d18eba-d548-43c1-920f-874c4780d914,starting.free,premium,116,116,high,low,8,namesilo,,,
6d02b7fd-f68a-474f-9fe3-b2fb15155072,abutter.free,available,38.98,44.98,medium,low,7,namecheap,,,16/09/2026 19:36
27203149-beca-4463-afc1-07f1e0debb1f,huge.free,premium,1300,1300,high,low,4,namecheap,,,25/09/2026 06:09
84acc581-225b-4af6-ab61-7b40dbb8ec7c,tempra.free,available,38.99,38.99,medium,low,6,namesilo,,,16/09/2026 23:57
20d90d17-5b6f-4162-a63a-86d6d21cd63c,numbers.free,premium,125,,high,low,7,name.com,,,
140cd007-8464-4496-b1c4-0f8a37748859,rotation.free,premium,125,,high,low,8,name.com,,,
811db45f-7f4c-4fda-b6de-284994f6ddce,dancers.free,premium,1107,1107,high,low,7,namesilo,,,20/09/2026 05:50
465d68cb-114a-4bbf-9119-aec65c1aacbb,acrostic.free,available,38.98,44.98,medium,low,8,namecheap,,,17/09/2026 03:59
08776db2-2c4f-44a6-900e-79589fcb3cf1,abo.free,premium,1107,1107,high,low,3,namesilo,,,
30fadfe7-1a83-46cf-8100-7b29074ec32b,tuchman.free,available,38.98,44.98,medium,low,7,namecheap,,,22/09/2026 04:24
b10b5ea4-be4e-4644-9e10-d4af0b614e56,waters.free,premium,116,116,high,low,6,namesilo,,,
c4f68661-545b-4527-9574-ecbe2fe24639,banned.free,premium,116,116,medium,low,6,namesilo,,,08/08/2026 13:44
111dfed2-0a59-46ac-8502-bf92fda424ca,nurses.free,premium,1300,1300,medium,low,6,namecheap,,,19/09/2026 19:32
d93af5a3-cb12-477d-847a-120181a2017b,reductive.free,available,38.98,44.98,high,medium,9,namecheap,,,09/09/2026 12:25
af2c10e7-53aa-4c31-bde3-83b306c7a839,harvest.free,premium,116,116,high,low,7,namesilo,,,24/09/2026 19:41
1deb8046-292a-4e21-b148-af4dfe6ec7d2,profane.free,available,38.98,44.98,high,low,7,namecheap,,,10/08/2026 13:22
51b75e49-f31f-4432-8ab4-5acfa36298b1,benson.free,premium,116,116,high,low,6,namesilo,,,25/09/2026 15:16
ac40ec22-5488-4051-82e5-4204e9583fcd,fellowman.free,available,38.99,38.99,medium,low,10,namesilo,,,21/09/2026 03:03
5a3907a5-67a9-43b4-914d-faf663883426,cesium.free,available,38.99,38.99,medium,low,6,namesilo,,,20/09/2026 23:15
aec69ccb-840f-4ed9-a003-00adc160f76a,tanks.free,premium,625,,high,low,5,name.com,,,
ea83a312-766d-4f6f-b997-1a08b268871e,audad.free,available,38.99,38.99,medium,low,5,namesilo,,,18/09/2026 22:16
a315df9f-c546-436d-8cf7-43446cacc039,sopranino.free,available,38.98,44.98,medium,low,9,namecheap,,,10/09/2026 14:22
abfd4c6b-503c-497c-ace3-c90ff32d3e5f,aragon.free,available,38.99,38.99,high,low,6,namesilo,,,19/09/2026 23:42
75913b2a-5307-41e9-9d78-0ad4fdd4e05e,cardigan.free,available,38.99,38.99,high,low,8,namesilo,,,24/09/2026 12:52
7d8ae2be-cebc-44bd-a510-39a607b0ae20,granth.free,available,38.99,38.99,medium,low,6,namesilo,,,17/09/2026 08:05
2ba28b0e-7cf3-424c-bd82-b5dff7fcfe13,curvey.free,available,38.98,44.98,medium,low,6,namecheap,,,13/08/2026 11:51
e25468b0-af8c-43bf-8531-15ab41ebb4dc,provencal.free,available,38.98,44.98,medium,low,9,namecheap,,,09/09/2026 04:28
c1de7d08-6eba-45a2-aa22-a5f18bbc60e7,weekly.free,premium,116,116,high,low,6,namesilo,,,21/08/2026 05:36
630d5a84-b02e-4d00-a829-11341a77bc7d,poetical.free,available,38.98,44.98,high,low,8,namecheap,,,08/09/2026 22:34
256767f7-fc7e-4ac0-8b04-4a58775f0bac,career.free,premium,625,,high,low,6,name.com,,,
0519577d-dd44-4dff-b367-571b0b4d4aba,reply.free,premium,625,,high,low,5,name.com,,,
d0ecddc5-4378-4f24-9385-3f7283dcac0f,ableism.free,available,38.98,44.98,medium,low,7,namecheap,,,16/09/2026 16:10
d020910d-16d6-4932-83a4-574f32a63ef2,deluxe.free,premium,125,125,high,low,6,name.com,,,13/08/2026 19:11
2ee821b8-f9d8-4aef-8b11-7aa6d3fd8427,effect.free,premium,116,116,high,low,6,namesilo,,,
2a385325-6351-4714-91c1-61d6431eb1da,owner.free,premium,640,640,high,low,5,namesilo,,,25/09/2026 09:45
8fa7a525-d8d1-4c75-b853-fdc90afe9d56,phantom.free,premium,116,116,high,low,7,namesilo,,,08/09/2026 18:32
5031727e-5806-4446-aeda-2c14f4a4cd73,screwing.free,available,38.98,44.98,medium,low,8,namecheap,,,18/08/2026 17:28
0ce083e5-b39a-458a-82db-8c819b25eb53,honduran.free,premium,116,116,medium,low,8,namesilo,,,21/08/2026 13:17
247e2ae5-ca76-4a88-86c6-6adba65043fe,esp.free,premium,1107,1107,high,low,3,namesilo,,,24/09/2026 15:12
40346c82-5a73-4476-81f0-f39dd3250088,eulogy.free,available,38.98,44.98,high,low,6,namecheap,,,05/09/2026 00:43
e4d36da0-d010-4060-94c6-e725ce8cb2b1,refuge.free,available,38.98,44.98,high,low,6,namecheap,,,20/09/2026 18:32
4701e2f2-02c3-4512-a667-504503b19ca5,amygdala.free,available,38.99,38.99,high,low,8,namesilo,,,19/09/2026 00:23
b10ab90b-949e-4cde-a3ff-d7d111f303fd,maunder.free,available,38.99,38.99,medium,low,7,namesilo,,,23/09/2026 23:31
98a9ce7d-796f-435d-a5a1-b8497b35a703,moslem.free,available,38.98,44.98,high,low,6,namecheap,,,22/08/2026 10:47
a4e08bc5-2ae3-484f-8e98-bf1588a80030,ogden.free,premium,130,130,high,low,5,namecheap,,,25/09/2026 03:51
90fa49e7-160e-43e1-a60a-e645ebc8cacd,blackamoor.free,available,38.98,44.98,medium,low,10,namecheap,,,03/09/2026 15:12
d173e65e-e7c6-4414-99a2-0d4446ec35a3,bosnia.free,premium,116,116,high,low,6,namesilo,,,25/09/2026 02:00
f58635d0-97e3-4d51-b9be-6a98c2b6773a,dolce.free,available,38.98,44.98,high,low,5,namecheap,,,14/09/2026 13:39
d1b0c290-5d43-4cb4-b65d-36aea38ddf20,achaean.free,available,38.98,44.98,medium,low,7,namecheap,,,
c3e7985c-3928-4b36-9e6b-2b7d1a859529,interred.free,available,38.98,44.98,medium,low,8,namecheap,,,11/08/2026 10:36
98ca7d4a-c887-4bbc-a249-7596fbc56026,harmonized.free,available,38.98,44.98,high,low,10,namecheap,,,12/08/2026 22:50
8a22d663-f190-4f3d-a4e1-f31ebd1b07a2,stability.free,premium,116,116,high,low,9,namesilo,,,
985f8a5e-0472-4eb4-a6b6-66aed4de7d8f,prima.free,available,38.98,44.98,high,low,5,namecheap,,,09/09/2026 02:00
8513afd3-5684-454a-84d6-0cb6a757b8c7,churchly.free,available,38.98,44.98,medium,low,8,namecheap,,,12/08/2026 07:48
3983cba9-3f3b-4287-8490-a3114cccc0b1,antwerpen.free,available,38.98,44.98,medium,low,9,namecheap,,,19/09/2026 15:48
86d093cb-982a-4ec5-b10d-2c73e7323964,defending.free,available,38.98,44.98,high,low,9,namecheap,,,13/08/2026 23:13
711165d2-0c01-48b5-80bb-5329200f703e,birth.free,premium,625,,high,low,5,name.com,,,
b4140db8-5b51-409c-98eb-a05ed9c006f6,imagine.free,premium,125,,high,medium,7,name.com,,,
e021e6e1-701c-4483-aa24-f13e875b7118,organ.free,premium,625,,high,low,5,name.com,,,
d47bfe97-f4a1-4e1b-a6ed-f7818cabee04,gentile.free,available,38.98,44.98,high,low,7,namecheap,,,18/08/2026 21:53
a76849c3-51d7-41fa-988c-0d45f5d2335b,crustacean.free,available,38.98,44.98,high,low,10,namecheap,,,13/08/2026 09:19
0e8e28ab-7f2f-4303-b841-7c6e031b3de1,licit.free,available,38.98,44.98,medium,low,5,namecheap,,,23/08/2026 00:58
175db976-4947-4bb2-b652-de23d233b3ea,fused.free,available,38.98,44.98,high,low,5,namecheap,,,22/09/2026 03:03
ffc1726f-24ad-4f67-8e18-3700a9d563e9,bedpan.free,available,38.99,38.99,high,low,6,namesilo,,,22/09/2026 23:28
5d97a8f9-fe1f-4103-8a0e-b11fa98211f4,spotty.free,available,38.98,44.98,medium,low,6,namecheap,,,10/09/2026 16:37
af679b28-dc60-4bf4-b429-653e8eed7a9a,ceiling.free,premium,116,116,high,low,7,namesilo,,,24/09/2026 13:23
e0775541-a239-4735-9468-13fddae0ae9a,antler.free,available,38.99,38.99,high,low,6,namesilo,,,19/09/2026 15:20
47a3256b-2d0d-4e84-a48e-603a7cd68cb5,retrograde.free,available,38.98,44.98,high,low,10,namecheap,,,09/09/2026 15:46
9bd6d83e-17d9-4aea-8897-f4892a45d350,apache.free,premium,130,130,high,low,6,namecheap,,,19/09/2026 16:09
5ae219fe-b24a-4249-8006-4dcc7ff77ef7,delta.free,premium,625,,high,medium,5,name.com,,,
93d28ca8-b103-4da3-880b-732bedba8a68,stative.free,available,38.98,44.98,medium,low,7,namecheap,,,10/09/2026 19:14
b1ec05c0-83aa-4452-b44c-ce48b263d51d,using.free,premium,625,,high,low,5,name.com,,,
fdd5487f-667b-4a4c-8a62-d5f4a683844f,fabian.free,premium,125,125,high,low,6,name.com,,,17/08/2026 20:10
206c6ad4-8846-43fe-8522-15ae196bb504,bubbles.free,available,38.99,38.99,high,low,7,namesilo,,,17/09/2026 03:32
d30bbe74-6179-4e84-99da-a24c4a247329,vienna.free,premium,116,116,high,low,6,namesilo,,,21/09/2026 04:57
77dffc5b-787c-4baa-9f98-fcdd8d0f232f,raise.free,premium,640,640,high,low,5,namesilo,,,24/09/2026 14:55
2cb52b95-4a1e-4a2f-805b-be2227895f8f,mikhail.free,premium,130,130,medium,low,7,namecheap,,,26/09/2026 03:33
0aa07750-7a81-4fb0-8a00-b0768ad9ed1d,partner.free,premium,1300,1300,high,low,7,namecheap,,,23/09/2026 11:42
a752d452-3ed3-4728-ae4a-ea7622de26b3,baldy.free,available,38.99,38.99,high,low,5,namesilo,,,21/09/2026 21:43
00d06685-6bbe-410d-8b08-7bff876c0254,plumbago.free,available,38.99,38.99,medium,low,8,namesilo,,,24/09/2026 01:07
a794eb04-d8ea-48e9-88f1-d88682e38351,imperfect.free,available,38.98,44.98,high,low,9,namecheap,,,21/08/2026 22:10
7bf13611-90a9-4a10-99d6-d62cac048a36,tire.free,premium,1300,1300,high,low,4,namecheap,,,25/09/2026 11:34
cc8173f1-c6c8-40f0-8e9f-e6dd7faeac0b,carved.free,available,38.98,44.98,high,low,6,namecheap,,,11/08/2026 19:57
bd9d3f56-357d-4401-a20f-11de906cf15a,katie.free,premium,625,625,high,low,5,name.com,,,25/09/2026 13:27
67e55f0b-8cdf-4cf4-9f21-c5f4b6633113,patchy.free,available,38.98,44.98,medium,low,6,namecheap,,,08/09/2026 10:20
5f9fae6d-3ca4-48b8-be0d-c1bc86645f40,mythical.free,available,38.98,44.98,high,low,8,namecheap,,,03/09/2026 12:31
101d326d-db48-48b2-a009-979c775e6530,aaa.free,premium,3250,3250,high,medium,3,namecheap,,,
16bd3409-538b-4e9f-98d8-fcba9d12533c,fairy.free,premium,625,,high,low,5,name.com,,,
c63c9c39-6434-4486-a5a9-5b2871e19e76,seething.free,available,38.98,44.98,medium,low,8,namecheap,,,10/09/2026 01:49
8f4cb30f-9f84-4d75-83ee-57ab8bdad02b,anole.free,available,38.98,44.98,medium,low,5,namecheap,,,18/09/2026 19:28
f91faaab-eec8-42ea-a454-725f3ad93d15,reliability.free,premium,125,,high,low,11,name.com,,,
c9fa55c8-e3f6-473f-b3a2-1d0b0dab02eb,ocher.free,available,38.98,44.98,medium,low,5,namecheap,,,04/09/2026 00:31
f5b52b6a-312d-4e10-998c-c07f910c31b2,austin.free,premium,116,116,high,low,6,namesilo,,,21/09/2026 04:43
a17d5d3b-eb57-4f69-8701-ff03d9d83b24,titled.free,premium,116,116,high,low,6,namesilo,,,13/08/2026 01:50
54f2cd50-0bf0-4d73-ade6-82110cf6ab3a,mechanized.free,available,38.99,38.99,high,low,10,namesilo,,,19/09/2026 16:26
7b58942f-7bdd-4aa7-b009-89a33f12ec55,bode.free,premium,116,116,high,low,4,namesilo,,,21/09/2026 03:28
3e985ae4-c706-4ba4-b6f1-285f2f1fca99,strange.free,premium,116,116,high,low,7,namesilo,,,
47ed97f4-53b6-492f-a124-f1ddd604f4aa,mendelian.free,available,38.98,44.98,medium,low,9,namecheap,,,24/08/2026 20:06
552185aa-9369-4c07-afa4-df2ae87d99b9,peaceable.free,available,38.98,44.98,high,low,9,namecheap,,,08/09/2026 11:08
18afbc7b-af92-4678-8104-337f09d3e236,afp.free,premium,1107,1107,high,low,3,namesilo,,,17/09/2026 15:12
8185e88a-8950-4dfd-a79d-8553370424c1,somewhere.free,premium,125,125,high,low,9,name.com,,,16/09/2026 04:14
bc55338d-a792-4c92-9b5a-64879d7fcd69,oft.free,premium,1300,1300,high,low,3,namecheap,,,14/09/2026 20:06
10b10872-5420-4fab-bce1-cf295a496a55,nate.free,available,38.99,38.99,high,low,4,namesilo,,,25/09/2026 13:42
6933f6ca-aab5-4084-8472-41f9cb7588d6,square.free,premium,116,116,high,medium,6,namesilo,,,19/09/2026 16:04
c082172e-eeb6-4d47-aa3c-76cb751b34b5,successive.free,available,38.98,44.98,high,low,10,namecheap,,,10/09/2026 04:29
c4b6e248-6373-49bb-957a-7c24f555831b,bicycles.free,premium,125,125,medium,low,8,name.com,,,18/09/2026 23:48
1679e67f-b293-468e-9606-b94e786fbe3c,eighteenth.free,available,38.98,44.98,high,low,10,namecheap,,,
404701d7-056e-482d-b4bd-4ba03a38f6c9,fey.free,premium,1107,1107,medium,low,3,namesilo,,,16/08/2026 03:39
3fa6e951-ce4d-4d55-bc31-55c76ee2874a,microbar.free,available,59.99,59.99,medium,low,8,name.com,,,22/09/2026 03:48
22aa3388-63dc-4d8e-9373-2e497941d1b9,aphoristic.free,available,38.98,44.98,medium,low,10,namecheap,,,05/08/2026 23:31
f14c9a42-2678-4a63-aae6-e63d5099d099,wajda.free,available,38.99,38.99,medium,low,5,namesilo,,,19/09/2026 05:01
f078bbf0-56ea-4b16-a26b-ad4d1b243301,safe.free,premium,1250,,high,medium,4,name.com,,,
7c6f79cc-43e3-427f-9fe9-80acb8d0c5e0,benison.free,available,38.99,38.99,high,low,7,namesilo,,,23/09/2026 08:11
e75e61f8-56b2-4539-8633-07dfb1e4e87b,supplicant.free,available,38.98,44.98,medium,low,10,namecheap,,,11/09/2026 03:28
6bcec39a-be95-42a3-b82a-d96285ff3804,nasty.free,premium,1107,1107,high,low,5,namesilo,,,13/08/2026 08:48
a8bb427f-5057-4dfd-a81d-fa1d005de450,fatless.free,available,38.98,44.98,medium,low,7,namecheap,,,17/08/2026 23:27
34077bf4-e82b-4478-8e5c-99d8f7e3d58b,bones.free,premium,625,,high,low,5,name.com,,,
39a72d3f-2cc6-4dc9-9215-943bc9b45f3a,audition.free,available,38.99,38.99,high,low,8,namesilo,,,21/09/2026 03:09
cc384b78-fc81-4fc2-9fbd-4c176aeb7cd8,assorted.free,available,38.98,44.98,medium,low,8,namecheap,,,07/08/2026 07:25
3acdf4e1-fbc7-44f9-b269-5174bbb2e831,punch.free,premium,625,,high,low,5,name.com,,,
b5c9939e-ef45-447c-84ad-b7ef7796bf65,alderman.free,available,38.99,38.99,medium,low,8,namesilo,,,18/09/2026 04:34
048c8b27-7e6f-40bf-892e-be7ab9fa84c7,builder.free,premium,116,116,high,low,7,namesilo,,,
ab2146af-6768-4b54-8110-7d682a961013,cornelius.free,premium,116,116,high,low,9,namesilo,,,25/09/2026 15:10
c05c1e50-dce0-4f1b-b616-39f83040d186,worrisome.free,available,38.98,44.98,medium,low,9,namecheap,,,14/08/2026 13:21
1f0f9f75-b615-4e22-a869-bc0dec53780e,anura.free,available,38.99,38.99,medium,low,5,namesilo,,,19/09/2026 15:53
ddee22fa-c710-4ed5-898d-49c1f9104881,sharpness.free,available,38.99,38.99,high,low,9,namesilo,,,24/09/2026 23:08
b35fd7ec-05d3-4ee2-bcaf-fe1cecc109a5,mellowed.free,available,38.98,44.98,medium,low,8,namecheap,,,24/08/2026 19:36
ccb5f3be-7988-4cf4-b7c6-9e05ed53d41b,brands.free,premium,116,116,high,low,6,namesilo,,,23/09/2026 07:36
d35beda8-f006-42b6-960c-88dec977f34f,hiss.free,available,38.99,38.99,high,low,4,namesilo,,,24/09/2026 06:41
deb5ba69-e5d5-42ee-b4f0-ef97e2e3588d,armless.free,available,38.98,44.98,high,low,7,namecheap,,,06/08/2026 19:54
bd135828-8f2f-4186-aa18-59f1828c3efb,acetal.free,available,38.99,38.99,medium,low,6,namesilo,,,16/09/2026 23:47
1d92dd3e-c228-4890-8652-297da6422d60,bread.free,premium,640,640,high,low,5,namesilo,,,08/09/2026 03:15
88b8d7a0-ad9f-4fe8-b5cd-11ca7923e32a,timorous.free,available,38.98,44.98,medium,low,8,namecheap,,,11/09/2026 16:05
db6e3b0a-b077-4293-bf20-b88a74f7627b,murray.free,premium,116,116,high,low,6,namesilo,,,25/09/2026 22:54
9d9b2512-a375-402d-9aad-9c1b02f59379,brunch.free,premium,130,130,high,low,6,namecheap,,,24/09/2026 10:54
c7f26641-4e0b-4b0f-80f8-ecc4731e0ba3,scathing.free,available,38.98,44.98,medium,low,8,namecheap,,,09/09/2026 22:57
7e5bb979-91cd-47af-8022-629bb0605f06,mammalian.free,available,38.98,44.98,high,low,9,namecheap,,,24/08/2026 14:19
2040737a-248e-4359-9190-f621af366ea1,determination.free,premium,130,130,high,low,13,namecheap,,,19/09/2026 18:25
412641e6-8cb4-4069-8d05-131d10ce5892,bubbling.free,available,38.98,44.98,high,low,8,namecheap,,,11/08/2026 07:15
d71aae02-3704-43d2-8270-0a3013229c9f,crimson.free,available,38.99,38.99,high,low,7,namesilo,,,22/09/2026 22:28
7a3ce5bb-9e3d-4f01-aa89-fbd90d57e38f,belatedly.free,available,38.98,44.98,medium,low,9,namecheap,,,22/08/2026 20:25
996be01a-78e6-43e8-b939-625821be769e,pail.free,available,38.99,38.99,high,low,4,namesilo,,,
3f2d9622-2926-41ec-9e28-866b3dcadecc,dashing.free,available,59.99,59.99,high,low,7,name.com,,,13/08/2026 17:27
d9d4657b-6adf-4f1b-a41e-8e1db8569e4d,mundane.free,available,38.98,44.98,high,low,7,namecheap,,,17/08/2026 14:55
7959174a-374b-4e88-a342-e0024c259017,unfailing.free,available,38.98,44.98,high,low,9,namecheap,,,18/08/2026 10:39
a3fc25df-0f2a-46fd-8990-a3188e7f56c1,alpine.free,premium,116,116,high,medium,6,namesilo,,,
b2792bfe-c34b-4e3f-ac08-6eed39b388a2,shoes.free,premium,1300,1300,high,low,5,namecheap,,,
b783de27-5c40-41e6-9a36-cf424d8dd2fb,banshie.free,available,38.99,38.99,medium,low,7,namesilo,,,22/09/2026 03:10
6b1757c8-aa18-4bb4-a435-e9e677ba379c,rico.free,premium,1107,1107,high,low,4,namesilo,,,19/09/2026 14:11
85d7c8fc-a8c8-4743-8462-045084c4cc45,hairy.free,premium,640,640,high,low,5,namesilo,,,24/09/2026 23:10
8f955fca-3edf-4da3-b559-7fcd240d6af9,ruling.free,premium,116,116,high,medium,6,namesilo,,,09/09/2026 12:58
9c77207f-0aae-4ca8-8e70-14eb5db50cbe,promotion.free,premium,625,,high,low,9,name.com,,,
9a2ca974-621b-4948-80e2-58e3f42b13e8,betoken.free,available,38.99,38.99,medium,low,7,namesilo,,,21/09/2026 03:31
cbddb66b-440a-4172-922e-7571580baa9f,evening.free,premium,116,116,high,low,7,namesilo,,,24/09/2026 15:27
0e4fff13-e679-4e73-b70f-9ad09412d76a,motor.free,premium,640,640,high,low,5,namesilo,,,25/09/2026 21:51
5b0e5a9a-9c1d-4855-9516-5def88831546,gay.free,premium,3450,3450,high,medium,3,namesilo,,,23/09/2026 09:22
85639246-6997-4602-92dc-8e039a821436,crucify.free,available,38.98,44.98,medium,low,7,namecheap,,,14/08/2026 21:17
6a534438-2b10-40d6-a6b4-c5b829792d3b,corrode.free,available,38.98,44.98,medium,low,7,namecheap,,,09/09/2026 20:10
5e2542d3-9ba7-4407-b8ec-bfd6850ccb06,professions.free,available,38.99,38.99,medium,low,11,namesilo,,,19/09/2026 22:50
b54dd8aa-5719-486a-975d-fd1e818b98b7,cody.free,premium,116,116,high,low,4,namesilo,,,25/09/2026 03:39
73542160-488d-46ce-9a29-63c0611fe061,brisken.free,available,38.98,44.98,medium,low,7,namecheap,,,11/08/2026 04:39
187873a8-ffe0-4428-b9c1-ca4884a473ec,axonal.free,available,38.98,44.98,medium,low,6,namecheap,,,08/08/2026 02:01
670d7252-26cd-4745-b4e7-c83b674436f5,allomorph.free,available,38.99,38.99,medium,low,9,namesilo,,,18/09/2026 11:59
3a17d53a-8234-4ebb-a83f-675e63b03225,banging.free,available,38.98,44.98,high,low,7,namecheap,,,08/08/2026 13:03
f40989f3-dcca-4a65-90f0-f847f2f46887,malcolm.free,premium,116,116,high,low,7,namesilo,,,25/09/2026 14:54
42b4fe24-ea45-4283-bec7-3cf75f9c508e,surrogate.free,available,38.99,38.99,high,low,9,namesilo,,,22/09/2026 02:27
f3e8b152-01de-45e7-b4bf-e2e147dbe9dc,her.free,premium,3125,,high,low,3,name.com,,,
525e27eb-f936-4b9f-be32-85b44426d184,dogwalking.free,available,38.98,44.98,high,low,10,namecheap,,,18/09/2026 19:10
6cdf38da-1787-46bc-95b0-f5aa5e83aa4c,piggy.free,available,38.98,44.98,high,low,5,namecheap,,,21/08/2026 10:19
2c4ae64a-96bf-4eb7-9bf6-296c19580ec0,nebulose.free,available,38.98,44.98,medium,low,8,namecheap,,,12/08/2026 12:43
33444abb-eb55-4e27-8c33-9720856d21e4,plainly.free,available,38.98,44.98,high,low,7,namecheap,,,08/09/2026 20:28
3146c077-540f-4d12-bbaa-a8e3673858ff,incipient.free,available,38.98,44.98,medium,low,9,namecheap,,,22/08/2026 01:14
62083c08-3f9e-471c-952c-8716bcea9698,saddle.free,available,38.99,38.99,high,low,6,namesilo,,,
bc2ccf76-58c5-4b7e-b67d-4b7e0a6f2bf1,extramural.free,available,38.98,44.98,medium,low,10,namecheap,,,17/08/2026 19:18
3900eacd-587b-4b5b-bf59-01e434733625,rectified.free,available,38.98,44.98,high,low,9,namecheap,,,09/09/2026 11:55
5df1edee-b427-4976-a9c5-cef7a96fa5dd,olefin.free,available,38.99,38.99,medium,low,6,namesilo,,,18/09/2026 08:30
3f8c2088-0d6e-459d-8c73-536f96d1ae43,ukrainian.free,available,38.98,44.98,high,low,9,namecheap,,,11/09/2026 22:41
b1a00bd0-9706-4cf9-8ad1-36994044e401,revived.free,available,38.98,44.98,high,low,7,namecheap,,,09/09/2026 11:00
3ad5a14c-4dfd-47f0-b6c3-b49ec381d928,riemann.free,available,38.99,38.99,high,low,7,namesilo,,,23/09/2026 09:54
6ae54590-c54c-47a0-ad44-5f1ee92442bd,meat.free,premium,1107,1107,high,low,4,namesilo,,,14/09/2026 23:51
e6e2664e-97ae-4256-a161-d0f4929d951c,tracks.free,premium,130,130,high,low,6,namecheap,,,17/09/2026 16:05
2245cc0b-a904-4cfa-b2a9-6c27929ba41d,clinton.free,premium,116,116,high,low,7,namesilo,,,23/09/2026 15:58
e6ef7c56-6bed-43af-ad24-ecf2b0ca84cc,throbbing.free,available,38.98,44.98,high,low,9,namecheap,,,11/09/2026 14:47
694c0d33-5169-4709-bba9-4498ca500032,kindred.free,available,38.98,44.98,high,low,7,namecheap,,,
ea53d5a8-a598-488a-b90b-d7c2f7716fca,ignited.free,available,38.98,44.98,high,low,7,namecheap,,,17/08/2026 09:20
88a02798-3d57-408d-8efa-e3dfb826321a,curricular.free,available,38.98,44.98,high,low,10,namecheap,,,13/08/2026 11:29
88897509-7f2b-4fcb-acf7-66b0fcdf807f,stifled.free,available,38.98,44.98,high,medium,7,namecheap,,,10/09/2026 12:12
91bd17fd-cd4e-4831-976a-4445f80b0f62,courage.free,premium,125,,high,low,7,name.com,,,
f0813175-4b08-4954-8b77-7c501af86c70,midnight.free,premium,130,130,high,medium,8,namecheap,,,25/09/2026 09:24
4dbee343-4506-4d71-a128-e0da93336e63,pathogenic.free,available,38.98,44.98,medium,low,10,namecheap,,,22/08/2026 04:17
569cc4de-3cb7-441a-bfab-a31ed511af35,diachronic.free,available,38.98,44.98,medium,low,10,namecheap,,,14/08/2026 05:38
a4819343-05fb-42cc-bb53-9e1ba80da576,especially.free,premium,125,,high,low,10,name.com,,,
4c98b88c-1275-42df-a1b9-644aa3c944e7,erik.free,premium,1107,1107,high,low,4,namesilo,,,25/09/2026 14:19
7b4a0ab8-1be0-4158-9c38-639b5b5e1dfe,discount.free,premium,3125,,high,low,8,name.com,,,
31292d6f-8461-452d-b4c3-ee79a6b8ca8c,inveterate.free,available,38.98,44.98,high,low,10,namecheap,,,22/08/2026 09:02
b60336dd-b13a-4a11-bcf3-a59d1d8c360d,actinium.free,available,38.98,44.98,medium,low,8,namecheap,,,16/09/2026 19:56
da6a12cb-ad39-43dd-af0e-785defe52945,regulatory.free,premium,116,116,high,low,10,namesilo,,,09/09/2026 13:17
db81481e-a72c-4710-ab01-f3b9a4b5934f,biracial.free,available,38.98,44.98,high,low,8,namecheap,,,10/08/2026 05:42
92b5db01-1898-4085-a0cd-23ba17b459eb,erratic.free,available,38.98,44.98,high,low,7,namecheap,,,17/08/2026 12:46
b7ad8182-44be-4755-9471-ede1e314a3ab,chewing.free,available,38.99,38.99,high,low,7,namesilo,,,24/09/2026 14:24
a304819d-7ebf-49b7-9852-b486d33abbdb,addend.free,available,38.99,38.99,medium,low,6,namesilo,,,17/09/2026 06:41
d5e57c14-2a14-4a1f-937e-6432926e3c0b,quite.free,premium,625,,high,low,5,name.com,,,
5064e3ee-109d-4137-af2f-d9068eb10b1c,isolation.free,premium,116,116,high,low,9,namesilo,,,24/09/2026 16:00
84f6f8a6-3685-4db4-83cb-0d81e5340707,diagonally.free,available,38.98,44.98,medium,low,10,namecheap,,,14/09/2026 12:34
5f723474-7cdf-4b5e-b94c-a874c09ca15f,jake.free,premium,1107,1107,high,medium,4,namesilo,,,25/09/2026 12:03
cb97490d-86c9-40a9-90c2-6e91158377b0,stellate.free,available,38.98,44.98,medium,low,8,namecheap,,,09/09/2026 09:34
b2438a4f-5f59-49af-b1ec-d889b4715d2c,gamey.free,available,38.98,44.98,medium,low,5,namecheap,,,18/08/2026 19:57
e66bc316-442f-4fec-a559-d6dbd5f333d6,furnishings.free,premium,130,130,high,low,11,namecheap,,,16/09/2026 18:36
399927a0-31ee-47e8-9d65-11dc9e09f298,ruthenium.free,available,38.99,38.99,medium,low,9,namesilo,,,20/09/2026 23:08
cb12c8b1-ce80-4285-83aa-f9ebd31f8134,reanimated.free,available,38.98,44.98,medium,low,10,namecheap,,,09/09/2026 10:58
b33058aa-4313-4914-a10f-91739d5534f3,victim.free,premium,116,116,high,low,6,namesilo,,,
bf399c86-cb19-4f1d-9b3b-dd6ff0a14b5b,beneficial.free,premium,116,116,high,low,10,namesilo,,,09/08/2026 14:24
0e3d97ac-1b56-43f4-9a45-d4bf0d1583b3,minimalist.free,available,38.98,44.98,high,low,10,namecheap,,,24/08/2026 23:51
c5e3d038-3825-4811-8b02-de76e7479513,rente.free,available,38.99,38.99,high,low,5,namesilo,,,19/09/2026 10:58
25f641b8-e826-40f9-bbde-f5561c234758,threatened.free,premium,116,116,medium,low,10,namesilo,,,11/09/2026 14:13
59151808-3203-46e8-a45e-afa65d9595f4,pukka.free,available,38.98,44.98,medium,low,5,namecheap,,,09/09/2026 05:24
097e0754-5d3f-43bc-b59f-465f2cf76f9a,gaussian.free,available,38.98,44.98,high,low,8,namecheap,,,18/08/2026 20:52
5ad209e0-3287-41ce-bfac-60d9058f620f,increasing.free,premium,130,130,high,low,10,namecheap,,,25/09/2026 08:12
1d93484f-27a7-47f5-965c-6ce47669cf53,reservoir.free,premium,116,116,high,low,9,namesilo,,,20/09/2026 11:41
1bc7f311-1823-40f4-8a3b-210f16c10541,learns.free,available,38.99,38.99,medium,low,6,namesilo,,,20/09/2026 05:46
cda2f7a3-4da6-4988-a615-8ad9bd7a8fa4,powerless.free,available,38.98,44.98,high,medium,9,namecheap,,,09/09/2026 00:56
9603ed4c-0ae0-4de4-8eeb-d6f18e7b6630,sweetened.free,available,38.98,44.98,high,low,9,namecheap,,,11/09/2026 01:18
7f82aef1-7e9b-4fdc-a8fc-bb761fc95ac7,competing.free,premium,116,116,high,low,9,namesilo,,,
41ac0aa3-04cd-4578-96ae-5e9882bd5258,replacement.free,premium,125,,high,low,11,name.com,,,
dae41c3c-b674-4e77-84ec-e5519d3964db,grandkids.free,available,38.99,38.99,medium,low,9,namesilo,,,19/09/2026 23:28
027a67ae-0a68-482a-becb-c7a2bd3f9459,autism.free,premium,130,130,high,low,6,namecheap,,,21/09/2026 05:28
d1794884-6802-4c02-840a-89b59f12593e,downwind.free,premium,125,125,medium,low,8,name.com,,,14/08/2026 18:03
981b0dcb-8ada-423b-bc4d-eebbc50bf8a1,where.free,premium,625,,high,low,5,name.com,,,
1c05efe8-1ab5-4737-809a-e2f4068061a5,varicose.free,available,38.98,44.98,medium,low,8,namecheap,,,13/09/2026 01:20
70ac40f6-47d8-4bbf-8afa-dc5f4bb5ddbf,mainly.free,premium,116,116,high,low,6,namesilo,,,
0c8ae7c9-0949-49be-8bc6-4a62f91f1f59,screen.free,premium,116,116,high,low,6,namesilo,,,23/09/2026 16:32
ac33cb5a-e4fd-4cde-8a9a-1f0b53c63b84,gyral.free,available,38.98,44.98,medium,low,5,namecheap,,,20/08/2026 21:19
12653730-b51c-4002-9638-2183273c0aa4,obscenely.free,available,38.98,44.98,medium,low,9,namecheap,,,15/09/2026 11:14
730a869c-dffb-4ac9-b7da-cbd0b37d4387,cnn.free,premium,1107,1107,high,low,3,namesilo,,,
a83581d7-5ab6-4852-970b-bbd2334649d0,vested.free,available,38.98,44.98,high,low,6,namecheap,,,13/09/2026 04:49
cb231451-21cb-4643-b74b-502e5d60be9f,dying.free,premium,640,640,high,low,5,namesilo,,,24/09/2026 12:37
a3f2de44-e3f9-4f6f-96d3-820d7fc861cf,sailing.free,premium,116,116,high,low,7,namesilo,,,10/09/2026 00:37
39eb2f78-ef63-4d83-9703-778654e41414,modest.free,available,38.99,38.99,high,low,6,namesilo,,,25/09/2026 06:33
d88ce838-2cf0-41a9-aba2-e9ecb2661a03,turning.free,premium,116,116,high,low,7,namesilo,,,26/09/2026 00:27
63ec4320-f022-4c35-aaaa-4354acacd756,research.free,premium,130,130,high,medium,8,namecheap,,,25/09/2026 09:00
4d954ff6-729c-4def-9b72-e5c1d2111951,bestiality.free,premium,116,116,medium,low,10,namesilo,,,23/09/2026 10:39
a9b4d179-aa9d-4b64-9166-ce7574748c96,heretofore.free,premium,116,116,medium,low,10,namesilo,,,13/09/2026 21:50
f2d42c04-3c7b-40ab-b8d0-e5d80c88daaf,counts.free,premium,130,130,high,low,6,namecheap,,,18/09/2026 18:14
7a117d27-7126-4aed-882b-89df41b83de9,verse.free,premium,625,,high,low,5,name.com,,,
2ca9ae51-9820-4b38-86fd-6ce0392c15a1,scalic.free,available,38.98,44.98,medium,low,6,namecheap,,,09/09/2026 22:27
829a0dfe-1e72-4199-aa84-3ddcdb0599ea,hunchback.free,premium,116,116,medium,low,9,namesilo,,,13/08/2026 07:49
6bb2bc66-fa51-43f5-99e9-d71d781fa9e5,berkshire.free,premium,116,116,high,low,9,namesilo,,,23/09/2026 09:33
2f57e88f-0468-42eb-a3cd-ceffa563a7cb,oculus.free,available,38.99,38.99,high,high,6,namesilo,,,19/09/2026 18:42
e81421b2-f319-4713-916a-003ff8f14a60,fluky.free,available,38.98,44.98,medium,low,5,namecheap,,,18/08/2026 09:19
62ffe1bc-153e-4f11-8ff3-707ee161d95a,alpha.free,premium,1107,1107,high,medium,5,namesilo,,,22/09/2026 02:07
4e193ffc-e1d5-4755-9647-f41edf39fe2e,their.free,premium,625,,high,low,5,name.com,,,
6bae24f6-765e-408f-bd09-5eefdf2d2ef2,gad.free,premium,1107,1107,high,low,3,namesilo,,,19/09/2026 15:59
881fc890-6eee-440d-9a25-c3b2efe880d1,verbal.free,premium,116,116,high,low,6,namesilo,,,
2ed88fec-a190-4a57-b772-b8f6313cf5ed,anise.free,available,38.99,38.99,high,low,5,namesilo,,,19/09/2026 09:24
a24f4163-61b9-4c85-b100-d2e429625fc9,caroline.free,premium,125,125,high,low,8,name.com,,,11/08/2026 19:29
53e52f9d-edf9-48c0-9efe-4d221c4ba3d5,revengeful.free,available,38.98,44.98,medium,low,10,namecheap,,,09/09/2026 16:00
521b954b-41b5-44fa-9556-b3fc57cb09a3,expedition.free,available,38.99,38.99,high,low,10,namesilo,,,
d714249a-fab4-4b8b-909c-7673422ec766,paintable.free,available,38.98,44.98,medium,low,9,namecheap,,,04/09/2026 23:06
ba56ca29-c4a8-4e98-ae8e-bdd998288d38,sullen.free,available,38.98,44.98,medium,low,6,namecheap,,,20/08/2026 15:06
d26229ba-9675-435f-98e0-d32f6a236906,unborn.free,available,38.98,44.98,high,low,6,namecheap,,,12/09/2026 02:23
b1e8b82c-968d-4ff6-be61-01a8ae3a373c,edgy.free,available,38.98,44.98,high,low,4,namecheap,,,15/08/2026 08:39
d0a76754-e8f6-4b4a-8954-bc79d0bbf6e4,clients.free,premium,116,116,high,low,7,namesilo,,,19/09/2026 19:21
74c857f0-8767-4918-8b02-32aa37928db5,subsets.free,available,38.99,38.99,medium,low,7,namesilo,,,21/09/2026 01:05
4d89d374-b7a9-4e29-9d87-f9660cebaa98,comprise.free,available,38.99,38.99,high,low,8,namesilo,,,
4d80752c-208a-43a3-af8c-ff7c1b8e2ce0,aeolian.free,available,38.98,44.98,medium,low,7,namecheap,,,
45bcb323-383f-4ca6-aa07-ced3ff8cd687,swell.free,available,38.98,44.98,high,low,5,namecheap,,,08/08/2026 12:50
a75d5414-4b61-46d0-9ac3-9f6c6b791a15,copasetic.free,available,38.98,44.98,medium,low,9,namecheap,,,13/08/2026 00:20
fa5f0a9d-99ef-440f-8efb-21129786f0f1,swerve.free,available,38.99,38.99,high,low,6,namesilo,,,
e3f4d47f-c30e-4b38-851b-83a0757cc84b,percipient.free,available,38.98,44.98,high,low,10,namecheap,,,08/09/2026 16:17
135854ed-93b6-4103-91e1-db92fd4533c1,arhus.free,available,38.99,38.99,medium,low,5,namesilo,,,16/09/2026 13:26
df654e1d-2644-41cb-9dd8-532069c7dff1,mad.free,premium,3125,3125,high,medium,3,name.com,,,23/09/2026 02:06
15378c99-9298-42c2-b672-6e1b06619ad4,affairs.free,premium,1107,1107,high,low,7,namesilo,,,17/09/2026 14:09
842020ec-a1fb-4e98-8b95-cd61aa1e31e0,athena.free,premium,130,130,high,medium,6,namecheap,,,20/09/2026 20:35
dd80a49c-4830-4df7-895f-c48f557796b6,unsolved.free,available,38.98,44.98,medium,low,8,namecheap,,,12/09/2026 18:23
02fa006a-71ea-473a-ae88-13d13b49493d,masted.free,available,38.98,44.98,medium,low,6,namecheap,,,24/08/2026 16:45
5a76e825-e62e-40c2-855e-10e43e0898bd,toffee.free,available,38.98,44.98,high,low,6,namecheap,,,11/08/2026 04:53
6641c9ec-b362-4dd0-8ac1-506de66a7b3c,gain.free,premium,1300,1300,high,low,4,namecheap,,,23/09/2026 07:57
e50b6e20-f8ab-4efb-9fbc-b3b11e46d812,heartthrob.free,available,38.99,38.99,high,low,10,namesilo,,,
a67495b5-b046-4550-98f1-6e3a63147a2c,clever.free,premium,130,130,high,medium,6,namecheap,,,23/09/2026 12:20
0b2b5bb8-6337-4eb4-ae22-5bc8c3f8cfbf,compounded.free,available,38.98,44.98,high,low,10,namecheap,,,12/08/2026 19:34
e81d35ca-d364-4d92-8a85-2409ede56b5d,wiper.free,available,38.99,38.99,high,low,5,namesilo,,,24/09/2026 17:39
6e889bbb-e3f8-4eaf-8627-0fb37be1bedf,duncan.free,premium,130,130,high,low,6,namecheap,,,25/09/2026 05:02
a646a311-261f-4b9f-8885-c8aa558ddaac,glial.free,available,38.98,44.98,medium,low,5,namecheap,,,20/08/2026 14:24
0f107730-d6dc-460c-b493-06247f82a4d3,filiform.free,available,38.98,44.98,medium,low,8,namecheap,,,18/08/2026 04:04
60d50bbc-0441-444f-9b8d-198549220a7e,engulf.free,available,38.98,44.98,medium,low,6,namecheap,,,10/09/2026 19:51
8931c5b9-0ce1-4964-8b95-c9309db152ab,banteng.free,available,38.99,38.99,medium,low,7,namesilo,,,22/09/2026 03:14
36539bbf-1032-4a73-a227-13b6ab3b45da,baguet.free,available,38.98,44.98,medium,low,6,namecheap,,,21/09/2026 18:30
d950351d-add7-4756-ac37-d804498e3bdc,tiddler.free,available,38.98,44.98,medium,low,7,namecheap,,,25/08/2026 00:10
2d6ed191-a30b-4613-ab06-d41654ce6605,assail.free,available,38.98,44.98,medium,low,6,namecheap,,,20/09/2026 15:49
27aa4fbb-f221-4e62-87a2-a4d6e02526d6,boundary.free,premium,116,116,high,low,8,namesilo,,,23/09/2026 01:32
83175ce0-a56e-44b9-a12d-63ed0ef94ffe,acrophobia.free,available,38.99,38.99,medium,low,10,namesilo,,,17/09/2026 03:53
e8179fb0-e604-4293-a399-859f5dfae02a,tiring.free,available,38.98,44.98,medium,low,6,namecheap,,,11/09/2026 16:24
2ed8ede8-d847-489d-acd5-785b8a7b67bf,onions.free,available,38.99,38.99,high,low,6,namesilo,,,
2499a772-65cb-4821-89e7-ac77d017e39e,autocue.free,available,38.99,38.99,medium,low,7,namesilo,,,21/09/2026 06:14
58f2c6a6-c1bf-4dd9-97fe-1ecefab35347,anion.free,available,38.98,44.98,medium,low,5,namecheap,,,19/09/2026 09:23
f5f24fc6-5d31-49a5-ad70-ebb466445531,coltsfoot.free,available,38.99,38.99,medium,low,9,namesilo,,,23/09/2026 01:58
7cdeb0ac-54f5-43b3-b0b3-2eead3c7f0e2,hop.free,premium,3125,3125,high,low,3,name.com,,,25/09/2026 07:30
0e16427a-a806-43e6-b4df-a3eb02842161,apercu.free,available,38.98,44.98,medium,low,6,namecheap,,,19/09/2026 16:30
90a271df-faa5-4308-93ed-0df7fb1f41fd,heady.free,available,38.98,44.98,medium,low,5,namecheap,,,18/08/2026 10:29
d7fe43c0-1368-4708-bbc8-26649644df51,veined.free,available,38.98,44.98,medium,low,6,namecheap,,,13/09/2026 01:53
a52b8990-cd1d-446f-8362-b54ec3ba31b6,bookworm.free,premium,116,116,high,low,8,namesilo,,,09/09/2026 23:16
4eddc782-e57d-440e-975b-cb6f7eedb160,ninepenny.free,available,38.98,44.98,medium,low,9,namecheap,,,03/09/2026 17:37
c57be088-254e-4eb7-9cce-2e4ce988daa4,fizzing.free,available,38.98,44.98,medium,low,7,namecheap,,,18/08/2026 06:02
226f69bd-4677-4d4f-a9e9-3e4e6a72a78f,greenwing.free,available,38.99,38.99,medium,low,9,namesilo,,,19/09/2026 02:56
d74c33ba-55ba-4e36-a43c-4e13d426f2ff,dealer.free,premium,640,640,high,low,6,namesilo,,,22/09/2026 05:35
740e7fda-2c61-4ca6-af68-62839d772f98,jerome.free,premium,116,116,high,low,6,namesilo,,,25/09/2026 05:46
130dfe38-a588-4d97-8863-d3da85e16099,comatose.free,available,38.98,44.98,medium,low,8,namecheap,,,12/08/2026 18:25
320f91c5-e616-4173-8749-7f0c2425f94e,transfixed.free,available,38.98,44.98,medium,low,10,namecheap,,,17/08/2026 22:56
bd7a4eb1-a43d-4659-ab51-ff3f07a65f94,honey.free,premium,1107,1107,high,medium,5,namesilo,,,09/08/2026 13:51
10583657-9f5d-4c4c-af32-486f4ef75e40,proud.free,premium,625,,high,low,5,name.com,,,
68cc2977-8efb-4a7e-9095-3aa2b3e49c5c,unplanned.free,available,38.98,44.98,medium,low,9,namecheap,,,12/09/2026 16:51
dcab0f67-c700-4198-b321-17b48a058c99,plans.free,premium,625,,high,low,5,name.com,,,
9509b528-a969-4194-8728-4c2fd1833dc1,bruckner.free,available,38.98,44.98,medium,low,8,namecheap,,,19/09/2026 15:26
2bdd8794-3b90-4ce0-a61e-07954028f43e,compelling.free,available,38.99,38.99,high,low,10,namesilo,,,23/09/2026 17:02
8c5fc325-7d2d-4b31-a206-a8112a9f9939,gesell.free,available,38.99,38.99,high,low,6,namesilo,,,20/09/2026 08:18
473a0c42-86ea-489d-9f1b-100b0d48c8cb,finish.free,premium,116,116,high,low,6,namesilo,,,08/09/2026 15:33
35242a6f-9e36-424f-80a4-ca6bd57d0a12,copperhead.free,available,38.98,44.98,medium,low,10,namecheap,,,17/09/2026 18:16
003165dd-c21d-47d6-9583-c868b8c9e4ff,barbershop.free,available,38.99,38.99,high,low,10,namesilo,,,22/09/2026 04:52
b12ba5cc-5c27-4198-875d-4e831fe8ae89,bmus.free,available,38.99,38.99,medium,low,4,namesilo,,,21/09/2026 14:14
2e58d411-b133-4c2c-9690-1f4355fffb78,antihero.free,available,38.98,44.98,high,low,8,namecheap,,,19/09/2026 14:35
8c44838e-98c7-4b84-b9c7-846e988bb7cf,homy.free,available,38.98,44.98,medium,low,4,namecheap,,,21/08/2026 11:08
b9979806-ee47-475d-aca8-cb9dfdbe5159,refine.free,premium,116,116,high,low,6,namesilo,,,
f6904024-8994-494c-afad-37da709a219d,richmond.free,premium,116,116,high,low,8,namesilo,,,
fe1c571b-c317-4430-be2d-bb004bbae1d2,flaky.free,available,38.98,44.98,high,low,5,namecheap,,,10/08/2026 10:06
43019c53-c470-43c8-88b2-ec4767f7e2d0,historical.free,premium,116,116,high,low,10,namesilo,,,24/09/2026 10:25
dcc4cd84-61d4-46ec-ba32-8b7486f888ab,brighten.free,available,38.99,38.99,high,low,8,namesilo,,,
cf21f8fb-f5ac-4eb9-b9da-25318ebc2c11,antenatal.free,available,38.99,38.99,high,low,9,namesilo,,,22/09/2026 05:59
c23933c8-9d8d-46f6-baa5-4deb87f07561,voluptuary.free,available,38.98,44.98,medium,low,10,namecheap,,,24/08/2026 12:27
37a339d8-42ee-4bb2-9820-0fab26595b99,epicurean.free,available,38.98,44.98,high,low,9,namecheap,,,17/08/2026 10:40
8add81e9-f57a-49b2-9031-4e57dd865e81,nullified.free,available,38.98,44.98,medium,low,9,namecheap,,,22/08/2026 08:56
47a7299c-d9f2-4f19-ae4b-286301f79c4a,quint.free,available,38.98,44.98,high,low,5,namecheap,,,
afa002cf-501c-421e-add0-82f500152f3d,ameba.free,available,38.99,38.99,medium,low,5,namesilo,,,18/09/2026 17:40
8f447c83-29dd-4b74-888a-fd6975094951,jailhouse.free,available,38.98,44.98,medium,low,9,namecheap,,,08/09/2026 22:44
d881b12a-d71b-48be-82a7-f84a13dd7d08,hellenic.free,available,38.98,44.98,high,low,8,namecheap,,,20/08/2026 17:54
0a4ece34-7ef3-4966-be6b-e28b24664fc9,scriptural.free,available,38.98,44.98,medium,low,10,namecheap,,,09/08/2026 18:55
327124f4-3ffe-45e7-8694-dffe61ccbe40,engraved.free,available,38.98,44.98,high,low,8,namecheap,,,17/08/2026 07:40
04902e82-35de-472a-9959-38efe784b00b,apiculture.free,available,38.99,38.99,medium,low,10,namesilo,,,19/09/2026 15:54
6414a2cc-38a9-4688-935d-d5656de3b90a,assembler.free,available,38.99,38.99,high,low,9,namesilo,,,20/09/2026 16:01
5e5d3127-a1b3-4bb6-87bb-9e0393c22667,communism.free,available,38.99,38.99,high,low,9,namesilo,,,24/09/2026 16:38
c3c67613-4ea4-4e87-afdf-76b3864d9379,porkfish.free,available,38.99,38.99,medium,low,8,namesilo,,,19/09/2026 09:38
beb95a43-e893-4ed5-ac90-34098789baba,apodous.free,available,38.98,44.98,medium,low,7,namecheap,,,06/08/2026 01:21
fe28cf59-86c5-49bf-8559-f95c6ccd682a,omnibus.free,available,38.98,44.98,high,low,7,namecheap,,,04/09/2026 02:30
a25af31b-23f6-4de6-a672-397c22c02c1f,danish.free,premium,125,125,high,low,6,name.com,,,13/08/2026 17:19
2889a53e-7488-4007-ba71-5f07f0869d55,cislunar.free,available,38.98,44.98,medium,low,8,namecheap,,,12/08/2026 08:30
dea2ada3-07ab-4c81-a05c-2cc9f7003bcf,pointed.free,premium,116,116,high,low,7,namesilo,,,08/09/2026 22:36
fa62a08b-ffec-4b20-bca6-3d04ded0f8c6,haggai.free,available,38.99,38.99,medium,low,6,namesilo,,,17/09/2026 17:22
8f6a8f24-0a88-431f-b25c-516c4e588c33,ratable.free,available,38.98,44.98,high,medium,7,namecheap,,,09/09/2026 10:31
7decb8c1-9f98-4912-9edb-8aae8f541cca,sundress.free,premium,125,,high,low,8,name.com,,,
7fed58e1-753e-4584-8726-7ae681862b80,apish.free,available,38.98,44.98,medium,low,5,namecheap,,,06/08/2026 00:12
90a1cb53-f97d-4fdc-8283-1b249c2face7,hacking.free,available,38.99,38.99,high,low,7,namesilo,,,25/09/2026 04:38
b4ac2ccb-2674-4e3f-a209-f1a3fc500c75,sneezed.free,available,38.98,44.98,low,low,7,namecheap,,,20/09/2026 15:10
53e7dbd7-f6e4-443d-b0d5-7aed278be380,rabbit.free,premium,130,130,high,low,6,namecheap,,,25/09/2026 08:52
3a08bd54-d448-4beb-ab91-a359c3d80dce,comely.free,available,38.98,44.98,medium,low,6,namecheap,,,09/08/2026 06:13
9e6840d7-4c05-422c-b26b-787fcce99b96,rampageous.free,available,38.98,44.98,high,medium,10,namecheap,,,09/09/2026 10:10
39a1ea5a-7255-4071-b945-daeb35fbdda2,viii.free,premium,1107,1107,high,low,4,namesilo,,,
326edebc-3bef-4dde-8c96-b3dd4f26600d,olfactory.free,available,38.98,44.98,high,low,9,namecheap,,,04/09/2026 02:12
d5073074-cb19-41db-a7b4-d50e1c0da33f,tzarist.free,available,59.99,59.99,medium,low,7,name.com,,,13/08/2026 14:59
578ddfb0-c6aa-409d-9410-0946840612a1,bonhomie.free,available,38.99,38.99,high,low,8,namesilo,,,17/09/2026 13:57
49f405c8-6c2d-4209-b946-6fb4133e0ed5,colly.free,available,38.98,44.98,medium,low,5,namecheap,,,14/08/2026 09:17
9f303080-9d38-4cf5-a24f-69131d6369bb,toward.free,premium,116,116,high,low,6,namesilo,,,
5ae6949d-cdb8-4bc7-8421-2891b1327e4d,soaring.free,available,38.98,44.98,high,medium,7,namecheap,,,10/09/2026 12:58
18905eed-2864-4ed5-9441-d93d62ef6d45,sixty.free,available,38.98,44.98,high,low,5,namecheap,,,
d3009da7-a16c-4245-95df-f2d4c082b588,scar.free,available,38.99,38.99,high,low,4,namesilo,,,24/09/2026 15:00
aa5a3a28-d246-4367-9a73-ffcd46105cbf,polygonal.free,available,38.98,44.98,medium,low,9,namecheap,,,08/09/2026 23:20
d936e4fc-734b-4407-bc0a-28b5ba927e13,seoul.free,premium,116,116,high,low,5,namesilo,,,
a2b405e7-0c4a-40cf-b48a-0e88517023ff,consulate.free,available,38.98,44.98,high,low,9,namecheap,,,24/09/2026 17:37
8cd5ec71-4c45-4c6f-9c58-2210af64f3b3,weightless.free,available,38.98,44.98,high,low,10,namecheap,,,13/09/2026 10:09
ab689072-5de8-469d-819b-8400e2642498,madagascan.free,available,38.98,44.98,medium,low,10,namecheap,,,24/08/2026 12:55
e3e49665-a46b-49a1-a3ff-4eee0f4c12d7,decorative.free,premium,116,116,high,low,10,namesilo,,,13/08/2026 02:51
727871ef-ca84-403d-ac2d-38883fd87e08,xxxviii.free,available,38.98,44.98,medium,low,7,namecheap,,,
2ecdd2ad-d5a3-4bf3-ab33-8b73119d41cc,unsightly.free,available,38.98,44.98,medium,low,9,namecheap,,,12/09/2026 19:53
1c56975d-02b0-4e3e-9c73-a9e055b9fc7b,bodied.free,available,38.98,44.98,high,low,6,namecheap,,,10/08/2026 16:44
fb70c84b-0827-424e-8942-74ddc3e5961a,incestuous.free,available,38.98,44.98,medium,low,10,namecheap,,,22/08/2026 01:12
babe5de3-988a-406d-a023-9e9f5524d59b,patrician.free,available,38.98,44.98,medium,low,9,namecheap,,,06/08/2026 19:34
5dbc280b-d654-4b17-bed1-e27922199872,staying.free,premium,116,116,high,low,7,namesilo,,,25/09/2026 12:05
78f6440f-5e02-4e4b-a5e2-774c96b66aea,wager.free,available,38.98,44.98,high,low,5,namecheap,,,23/09/2026 10:51
ee42639f-ec52-4f05-b804-5f19616215e4,vivaldi.free,available,38.99,38.99,high,low,7,namesilo,,,19/09/2026 15:40
7b747ad8-e624-4699-a7dd-070fbc4b6595,almsgiving.free,available,38.99,38.99,medium,low,10,namesilo,,,18/09/2026 12:43
c274b601-61e5-4637-a3a1-e6d156f2a548,throwback.free,available,38.98,44.98,high,low,9,namecheap,,,11/09/2026 15:00
d8c65892-468a-4c70-b3e1-9b27547868b3,tush.free,available,38.98,44.98,medium,low,4,namecheap,,,09/08/2026 11:45
2db35656-66de-44d2-98e0-bf3c58ce1c4a,whopping.free,available,38.98,44.98,high,low,8,namecheap,,,08/08/2026 13:14
b9ba44fc-ba50-4fa6-8d09-8b1629bc7834,afghani.free,available,38.98,44.98,medium,low,7,namecheap,,,
15a92944-9b77-4fa1-8996-84868614db5f,impediment.free,available,38.98,44.98,high,low,10,namecheap,,,14/08/2026 04:53
2da17134-4bc7-4855-9a56-27c97aa017e9,pampering.free,available,38.98,44.98,high,low,9,namecheap,,,05/09/2026 00:29
275609b7-6a6b-4453-9e06-851b3bd7105d,hangdog.free,available,38.98,44.98,medium,low,7,namecheap,,,20/08/2026 23:41
144b484c-2497-43ea-94a8-5b7b3822d9d1,haircuts.free,available,38.99,38.99,medium,low,8,namesilo,,,21/09/2026 07:16
c8642f8a-ce7f-4343-924c-64a4a5e77e08,alarmism.free,available,38.99,38.99,medium,low,8,namesilo,,,18/09/2026 01:58
03a708b0-0840-4562-b3d0-0ec84ec298d5,mosquitoes.free,available,38.98,44.98,low,low,10,namecheap,,,18/09/2026 14:22
65d0a2d2-702d-495b-9606-21a07ffb24d8,alhazen.free,available,38.99,38.99,medium,low,7,namesilo,,,18/09/2026 00:42
48b89874-37c4-4617-b46c-8c8f4373b05b,naught.free,available,38.98,44.98,medium,low,6,namecheap,,,03/09/2026 22:40
92499276-e4c2-4434-bec7-3818d62376d1,colon.free,premium,640,640,high,low,5,namesilo,,,20/09/2026 15:16
b09e2a02-c1ba-4ea1-9538-f01401e8ad6f,pencilled.free,available,38.98,44.98,medium,low,9,namecheap,,,08/09/2026 13:59
e8ad4362-d946-4fc7-8aa4-446f9f8225d9,doubt.free,premium,625,,high,low,5,name.com,,,
686bcbb3-44cb-4267-ac3e-e4d20fb6bd59,toad.free,available,38.98,44.98,high,low,4,namecheap,,,05/08/2026 21:06
4e6b58da-3846-4da5-8162-423b30e76949,extensile.free,available,38.98,44.98,medium,low,9,namecheap,,,17/08/2026 19:01
1d9ce93b-4ad8-4543-aca0-c03f8795d9ae,heyday.free,available,38.98,44.98,high,low,6,namecheap,,,18/08/2026 09:24
fe162db1-0bda-4efc-8403-4dd3cd63a493,witnesses.free,premium,130,130,medium,low,9,namecheap,,,25/09/2026 18:59
69af663e-0cfa-414c-9940-c85e649a3589,lyrics.free,premium,125,,high,low,6,name.com,,,
eef9254d-7eda-439c-b74c-1cc66a883a87,toes.free,available,38.99,38.99,medium,low,4,namesilo,,,17/09/2026 01:11
0d782a67-f21f-439b-9310-87d07b676021,outcome.free,premium,116,116,high,low,7,namesilo,,,
0148ccb0-b2b7-4c92-9d91-67180c529ffc,sensuous.free,available,38.98,44.98,high,low,8,namecheap,,,10/09/2026 03:48
cd5c58ab-37c5-4233-8092-b3c3c010fdcf,disgrace.free,available,38.99,38.99,high,low,8,namesilo,,,
4468bf4e-ab1e-43e6-9f56-ba0cb429c6bf,albite.free,available,38.99,38.99,high,low,6,namesilo,,,18/09/2026 02:59
1c412deb-4a63-4059-a6b3-8bcc7b52267b,volcano.free,premium,116,116,high,low,7,namesilo,,,
44b81316-c00e-48ff-b09b-ddd379af09f6,broadway.free,premium,640,640,high,low,8,namesilo,,,24/09/2026 10:38
501603e2-8c95-4aea-aa97-17faf1813b5c,defunct.free,available,38.98,44.98,medium,low,7,namecheap,,,13/08/2026 23:55
f0b13305-79d6-4ecf-b942-cec1bec4fb69,shortfall.free,available,38.99,38.99,high,low,9,namesilo,,,
e2e86048-5768-491c-abf8-cbb169726616,sadistic.free,available,38.98,44.98,high,medium,8,namecheap,,,09/09/2026 20:44
d65176dd-49d6-4bf6-ad7e-d9521f6bb257,mauritian.free,available,38.98,44.98,high,low,9,namecheap,,,24/08/2026 17:35
a830fa09-b10f-45b8-afa0-0a47db640e20,offenses.free,available,38.98,44.98,low,low,8,namecheap,,,20/09/2026 10:35
74fae0c8-4ae5-4904-ba3a-23d74b0f6f83,astatic.free,available,38.98,44.98,medium,low,7,namecheap,,,07/08/2026 08:36
b4f34080-c79e-418c-9cd0-756eed3f8720,anticipant.free,available,38.98,44.98,medium,low,10,namecheap,,,
c183716a-af14-471a-bb51-219c5b926fb1,rented.free,available,38.99,38.99,medium,low,6,namesilo,,,17/09/2026 18:45
915f257e-094c-4d7b-9008-31a32d207cf0,crotch.free,available,38.99,38.99,medium,low,6,namesilo,,,24/09/2026 19:42
f108a962-686f-42f9-ad08-067c3cfecb55,nonu.free,available,38.98,44.98,medium,low,5,namecheap,,,03/09/2026 18:37
ccd9b774-6bd8-4d08-9e17-60f8e03f1e1c,leasing.free,premium,130,130,high,low,7,namecheap,,,
f2bb04ff-35df-4619-bdad-fee643bef4ec,rang.free,available,38.99,38.99,medium,low,4,namesilo,,,
c69b72e4-0520-47be-aad3-b56634f39db1,someplace.free,premium,116,116,high,low,9,namesilo,,,16/09/2026 04:51
eb4718e5-a28c-457b-b098-aedde4700741,tropic.free,available,38.98,44.98,high,low,6,namecheap,,,11/09/2026 20:25
4dc33b50-10dc-4909-875a-778d18d924b2,comal.free,available,38.98,44.98,medium,low,5,namecheap,,,12/08/2026 18:23
225a3072-38d0-4dee-bb94-84eb7db1a89c,aspidistra.free,available,38.99,38.99,medium,low,10,namesilo,,,20/09/2026 15:15
a8fbea46-cbf4-4fd4-8c7d-739d172e09fc,tennyson.free,available,38.99,38.99,medium,low,8,namesilo,,,18/09/2026 06:38
42b9db14-1d36-4526-8be9-cfb641053f5b,rights.free,premium,116,116,medium,low,6,namesilo,,,17/09/2026 03:52
c30b2aa5-e5b9-4724-acbc-44c40348f2c2,roasted.free,available,44.98,,high,low,7,namecheap,,,
9a402eca-eed2-42e1-86e1-511a188eabca,welcoming.free,available,38.98,44.98,high,low,9,namecheap,,,13/09/2026 10:14
84945199-6c75-4cbe-a1af-a64fad03e99e,verb.free,available,38.99,38.99,high,low,4,namesilo,,,
a10cc0d9-e500-4b7e-98bb-274dffdbed01,merit.free,premium,625,,high,low,5,name.com,,,
5b0936c3-0387-485d-bb9d-c88f0c128a99,yeller.free,available,38.99,38.99,medium,low,6,namesilo,,,22/09/2026 17:06
91cc1a0d-dfc6-4f9c-87cb-bb4534bc6fcf,reporter.free,premium,130,130,high,low,8,namecheap,,,25/09/2026 09:33
42b4a38c-5994-448d-bf22-a82450cdd623,baseness.free,available,38.99,38.99,medium,low,8,namesilo,,,22/09/2026 10:25
82288a81-1a17-43f0-b739-dd53b87947fd,aviator.free,available,38.99,38.99,high,low,7,namesilo,,,17/09/2026 13:09
37a3d5bb-bcad-4d17-99b6-a1e65c90919a,doyle.free,premium,116,116,high,low,5,namesilo,,,25/09/2026 12:42
b4c5cc8a-4caf-4918-8215-ccd837939c25,ghostlike.free,available,38.98,44.98,medium,low,9,namecheap,,,06/08/2026 05:23
422631f0-339c-405f-bfc1-9c8b72a52e59,continents.free,available,38.99,38.99,medium,low,10,namesilo,,,18/09/2026 12:00
bb43ccd0-b149-4527-a88b-bfc361f2ec21,chervil.free,available,38.99,38.99,medium,low,7,namesilo,,,19/09/2026 13:55
f48b07de-8d59-4ef4-af9f-59e5d9d915ed,aeonian.free,available,38.98,44.98,medium,low,7,namecheap,,,
7769f204-7c6e-480a-8832-cb6a23ae4fdb,proper.free,premium,116,116,high,low,6,namesilo,,,25/09/2026 17:25
61fac228-ca0b-4123-9fd2-c97ea6ba3623,unlikeable.free,available,38.98,44.98,medium,low,10,namecheap,,,12/09/2026 00:56
c3ba0a82-e975-473e-aee5-5fdc6190d84c,ivry.free,available,38.98,44.98,medium,low,4,namecheap,,,22/09/2026 15:16
3ae0bc66-9e67-4e97-828b-c3d8a590f6c3,reid.free,premium,1107,1107,high,low,4,namesilo,,,25/09/2026 10:17
bbc5796a-f079-4427-ad14-777c1604a582,plattensee.free,available,38.98,44.98,medium,low,10,namecheap,,,21/09/2026 21:22
50bcbef7-7f75-49c9-859d-f9ca09a5fdab,landscaping.free,premium,116,116,high,low,11,namesilo,,,24/09/2026 05:36
7105c605-dfc1-4508-aede-b4cb2f629080,unblessed.free,available,38.98,44.98,medium,low,9,namecheap,,,12/09/2026 02:14
1d8ff711-69b8-41f1-a3b5-2a2e4bb010cd,unmatched.free,available,38.98,44.98,high,low,9,namecheap,,,25/09/2026 17:47
55f84fb6-5d83-441c-a62a-1377bca27dc7,eastern.free,premium,116,116,high,low,7,namesilo,,,24/09/2026 13:10
6d6f2672-a91e-4da5-a4b1-0b72742a55ee,rock.free,premium,1107,1107,high,low,4,namesilo,,,
40373587-01ae-421e-8b57-c1d1012ceb6b,bird.free,premium,1107,1107,high,medium,4,namesilo,,,
082d12db-428b-4cf0-b96f-d89e4477f02a,romanic.free,available,38.98,44.98,high,medium,7,namecheap,,,09/09/2026 18:30
d285cc47-78f1-4392-afa4-9d9229f4698c,two.free,premium,3450,3450,high,low,3,namesilo,,,21/09/2026 12:14
b136582f-8c85-4515-9e62-e0b52d8c6518,monger.free,available,38.98,44.98,high,low,6,namecheap,,,22/09/2026 05:36
02b1603a-58eb-41a6-957e-9b6a81435e7e,improbable.free,available,38.98,44.98,medium,low,10,namecheap,,,21/08/2026 23:07
cf43ee29-c6ab-41f8-9e1f-aaa28b9ef854,thorough.free,premium,116,116,high,low,8,namesilo,,,17/08/2026 17:10
6ef60183-9f9d-404b-a019-b89e01f4f92d,asexual.free,available,38.98,44.98,high,low,7,namecheap,,,07/08/2026 01:33
5ebe3480-3709-492d-a794-26b0c376c7b8,celebrity.free,premium,116,116,high,low,9,namesilo,,,24/09/2026 13:24
d54dfea6-414b-4fbc-ad68-eeed60ccc15b,natives.free,available,38.99,38.99,high,low,7,namesilo,,,18/09/2026 01:41
7e86c487-5e67-4f47-bf22-e6429b382612,rob.free,premium,3450,3450,high,low,3,namesilo,,,25/09/2026 22:49
db45ce5c-069e-44da-80e9-284612e8e773,squinty.free,available,38.98,44.98,medium,low,7,namecheap,,,07/08/2026 03:20
685c7eb6-303e-4906-a296-d1f423db2c4b,para.free,premium,1107,1107,high,low,4,namesilo,,,23/09/2026 04:51
d5794287-fdf0-4c0e-9913-3a6627ea2374,propelling.free,available,38.98,44.98,high,low,10,namecheap,,,09/09/2026 03:30
e6bd94d1-f09c-4f0a-b661-7ecca6ae1d5f,executives.free,premium,116,116,high,low,10,namesilo,,,21/09/2026 01:35
919f9310-6bce-4e66-a708-d38c80d03acb,alex.free,premium,1300,1300,high,medium,4,namecheap,,,25/09/2026 13:23
ac2b8644-9ce6-47a7-97f8-113d0f988b9b,dighted.free,available,38.98,44.98,low,low,7,namecheap,,,14/08/2026 07:17
58cae902-6f55-4c56-b1b0-f7d0455d5f78,approve.free,premium,116,116,high,low,7,namesilo,,,03/09/2026 23:23
c1b8dc99-3aa1-449a-a957-0d3269a1d9a3,gloriously.free,available,38.98,44.98,high,low,10,namecheap,,,14/09/2026 21:45
4a16b490-8894-4181-b5da-d0ffdac8972b,cruciform.free,available,38.98,44.98,medium,low,9,namecheap,,,13/08/2026 08:42
2dd2294b-e46f-4ff9-9902-c8bbf89df05f,crush.free,available,38.98,44.98,high,low,5,namecheap,,,09/08/2026 05:21
5fd20e2a-d4a7-43af-87c9-93bebe01faa9,denny.free,available,38.99,38.99,high,low,5,namesilo,,,25/09/2026 15:22
420818ec-857b-42a4-8b0f-096effbcc20c,squint.free,available,38.98,44.98,medium,low,6,namecheap,,,07/08/2026 03:15
9337583f-8cc9-48fa-a8ca-2d4ccf7877b8,nobelium.free,available,38.99,38.99,medium,low,8,namesilo,,,20/09/2026 21:58
13ee1501-db7d-43db-8a24-56ca77af4a41,traverse.free,available,38.98,44.98,high,low,8,namecheap,,,13/08/2026 07:58
d727143d-0c54-45ca-b01d-ee5d838c4fb6,disability.free,premium,130,130,high,low,10,namecheap,,,24/09/2026 22:26
acf93165-7ee9-4cbd-96ae-96619ae4097b,malt.free,available,38.98,44.98,high,low,4,namecheap,,,24/08/2026 14:13
e796f618-25a7-4ead-8f13-0bc6791a00b6,ramsey.free,available,38.99,38.99,high,low,6,namesilo,,,25/09/2026 15:22
03db35c1-b4fd-4ca3-be2b-a47cdaf0f453,brainsick.free,available,38.98,44.98,low,low,9,namecheap,,,11/08/2026 01:45
a1c35911-030d-48ec-ba43-c6a6382b248a,aptitude.free,available,38.99,38.99,high,low,8,namesilo,,,19/09/2026 22:41
ef4a8cc6-b1a5-4dcf-90a5-fe429f5e799c,trivially.free,available,38.98,44.98,low,low,9,namecheap,,,16/09/2026 09:31
5511fe95-67dc-4773-ade0-d5af0a9dcfc8,jumped.free,available,38.99,38.99,medium,low,6,namesilo,,,25/09/2026 19:41
737cd632-88d3-455b-8c7e-3ce845173f26,corked.free,available,38.98,44.98,medium,low,6,namecheap,,,13/08/2026 01:20
809f6303-0de3-405d-acf3-0610588f696d,anodic.free,available,38.98,44.98,high,low,6,namecheap,,,
c0f5185f-a110-4e1d-9de4-732a5322cd03,atm.free,premium,3250,3250,high,low,3,namecheap,,,20/09/2026 18:44
16367ce7-8c32-469b-819e-8fb48d9ffd24,understanding.free,premium,116,116,high,low,13,namesilo,,,25/09/2026 11:47
6607c519-6534-447a-871f-e5c092b789c9,critter.free,available,38.98,44.98,high,low,7,namecheap,,,24/09/2026 19:33
901ea1c8-1805-45ee-8e35-5be7aa54dab6,asteraceae.free,available,38.99,38.99,medium,low,10,namesilo,,,20/09/2026 17:03
dcc4bc21-32db-43f0-a1da-93e4b9d7eb02,hectic.free,available,38.98,44.98,high,low,6,namecheap,,,18/08/2026 03:09
1f6627e8-d36a-455e-aaf2-e5a576c31677,spay.free,available,38.98,44.98,medium,low,4,namecheap,,,03/09/2026 16:33
bf36fce6-61d6-4ea4-8b21-873691f35656,advertizer.free,available,38.98,44.98,high,low,10,namecheap,,,17/09/2026 08:39
6991d742-64bc-4bbc-bcff-1b043bf27750,quicker.free,available,38.98,44.98,high,low,7,namecheap,,,14/09/2026 17:44
985b8f3a-7a78-486e-a0dd-a465b9299dcd,moonshine.free,available,38.98,44.98,high,low,9,namecheap,,,10/08/2026 19:35
48e63675-46fe-46ef-b525-a0bde9711430,speculation.free,available,44.98,,high,low,11,namecheap,,,
9f4a6d02-30b2-4bdd-8252-ff6d0cfdf284,asymptotic.free,available,38.98,44.98,medium,low,10,namecheap,,,07/08/2026 10:30
7c056401-54be-461e-9377-86afbc51c2cd,modernized.free,available,38.99,38.99,high,low,10,namesilo,,,19/09/2026 17:17
ffbbd98f-4f0f-4dee-ba10-b7e85f39f9a2,let.free,premium,3125,,high,low,3,name.com,,,
8e3bd888-d017-4478-963b-f139069642f4,aboriginal.free,premium,116,116,high,low,10,namesilo,,,
e44ed47e-ed1c-457f-98b1-03c5a68841c5,packable.free,available,38.98,44.98,medium,low,8,namecheap,,,04/09/2026 22:41
74cfd44b-2374-402d-ad95-e917c66c2edd,uncool.free,available,38.98,44.98,medium,low,6,namecheap,,,12/09/2026 06:11
d9967cb1-54ba-4a82-b866-1fa3a5ec5030,transient.free,available,38.99,38.99,high,low,9,namesilo,,,24/09/2026 14:26
dfc2dc90-9471-437c-bae0-92c91ddbbabc,animosity.free,available,38.99,38.99,medium,low,9,namesilo,,,19/09/2026 09:20
dbb55f4c-a2a5-4c2a-bc85-b7ba878e4c82,incased.free,available,38.98,44.98,medium,low,7,namecheap,,,11/08/2026 20:08
52c70628-e2f5-4f9c-8f2f-1d0b6c64b6b5,arethusa.free,available,38.99,38.99,medium,low,8,namesilo,,,20/09/2026 04:04
985c266e-7975-4aef-8911-b1364b0e0724,slushy.free,available,38.98,44.98,medium,low,6,namecheap,,,09/08/2026 01:25
81e1893e-2e8e-43aa-a763-c090046c20bd,georgian.free,premium,116,116,high,low,8,namesilo,,,18/08/2026 22:37
ae462b0f-5b6e-44cb-9c2b-d84d1848d3f8,ive.free,premium,1107,1107,medium,low,3,namesilo,,,
f97c1c39-8300-44c8-b91e-2d26972134c8,blacken.free,available,38.98,44.98,medium,low,7,namecheap,,,10/08/2026 11:10
ab6feec0-e492-4356-b966-fa818fdd379f,gaseous.free,available,38.98,44.98,medium,low,7,namecheap,,,18/08/2026 20:25
d2e6615d-1a52-4b0b-bc6f-d76ddea50ca9,breakable.free,available,38.98,44.98,medium,low,9,namecheap,,,11/08/2026 02:59
2a5650ef-157f-41c7-b341-3743611f3380,supermodel.free,available,44.98,,high,low,10,namecheap,,,
14822c9a-00ef-454d-a78f-e2eea2ce161d,forthwith.free,premium,116,116,medium,low,9,namesilo,,,10/09/2026 21:39
9ecebda7-1d10-474f-b7ee-7c2a3979760d,lighthouse.free,premium,130,130,high,medium,10,namecheap,,,22/09/2026 19:13
0f728ace-e702-438c-b057-def24a195d1b,peerless.free,available,38.98,44.98,high,low,8,namecheap,,,24/08/2026 17:04
795f49e9-b2fe-4cf2-b026-ace639c6e1b4,trippingly.free,available,38.98,44.98,medium,low,10,namecheap,,,15/09/2026 11:20
73556c1d-9fff-4a85-a9bd-351827a2f98c,powers.free,premium,125,,high,low,6,name.com,,,
6ce64fc4-c29d-42ec-846c-3b9e6944e9d1,nocturnal.free,available,38.98,44.98,high,low,9,namecheap,,,03/09/2026 18:04
27963ebf-7f90-4cff-ad6c-6427cefe1e2d,utterable.free,available,38.98,44.98,high,medium,9,namecheap,,,10/09/2026 15:23
57694ff4-b9d9-4e65-ba2a-082cd8874aed,bladder.free,available,38.99,38.99,high,low,7,namesilo,,,24/09/2026 03:26
93538a3e-75c2-4dd8-931e-7fa7fc92e86c,retreat.free,premium,125,,high,low,7,name.com,,,
f4e67c68-104d-4121-ad82-e66674f36093,alp.free,premium,1107,1107,high,low,3,namesilo,,,18/09/2026 13:29
e8b8c418-d125-4bb4-8641-685032167764,bases.free,premium,650,650,medium,low,5,namecheap,,,17/09/2026 21:42
14d30a5f-d3ff-4736-ad64-cff4a61e3569,bordeaux.free,available,38.99,38.99,high,low,8,namesilo,,,24/09/2026 07:22
697c62fe-329e-4367-bd3e-5f8d18308bea,absinthe.free,premium,130,130,high,low,8,namecheap,,,16/09/2026 17:47
c28f9aee-d631-47a9-be31-fbfc66b3bf9f,attacked.free,premium,130,130,medium,low,8,namecheap,,,25/09/2026 20:43
b49491de-1596-44a3-b0ae-f5a1c9851a11,catch.free,premium,625,,high,low,5,name.com,,,
a266be94-f970-439d-993d-b44855f6e397,reality.free,premium,1107,1107,high,low,7,namesilo,,,26/09/2026 00:09
48556c77-bbaa-4489-846c-1b3763b0f63a,boyish.free,available,38.98,44.98,high,low,6,namecheap,,,11/08/2026 00:04
be6a5211-31b7-4030-8895-057b4b8a0310,booklist.free,available,38.99,38.99,high,low,8,namesilo,,,
ee2998c4-9655-4eda-a015-6c135d4084d1,page.free,premium,1107,1107,high,low,4,namesilo,,,
5002ab01-bab7-44cd-92a4-c99f496ee9e9,unstudied.free,available,38.98,44.98,medium,low,9,namecheap,,,12/09/2026 06:07
474b86fc-1c41-4561-a2a1-58668a1537d3,immature.free,available,38.98,44.98,medium,low,8,namecheap,,,21/08/2026 20:52
59db25bb-1217-465f-ac0d-1d659792a9f7,titles.free,premium,130,130,medium,low,6,namecheap,,,18/09/2026 13:24
9f6e5836-96c6-4143-b267-f1776d2b2921,aton.free,available,38.98,44.98,medium,low,4,namecheap,,,20/09/2026 20:06
420e3a8e-06d7-4b6d-829d-5e4a06590f2e,binge.free,available,38.99,38.99,high,low,5,namesilo,,,23/09/2026 17:18
bc03a7d3-d645-4e61-bf16-e3441de91719,frilled.free,available,38.98,44.98,medium,low,7,namecheap,,,18/08/2026 15:49
035f74f1-ba50-4330-9a4f-ab5724214ead,overage.free,premium,130,130,high,low,7,namecheap,,,04/09/2026 19:59
94d33a2c-4421-4185-ae0d-8d817f99b377,seeds.free,premium,625,,high,low,5,name.com,,,
59df687b-8005-4dc7-bee8-3f295fc6c819,attack.free,premium,130,130,high,low,6,namecheap,,,23/09/2026 17:14
06a3881e-15d9-4c1c-a0bd-44c281794073,maledict.free,available,38.98,44.98,medium,low,8,namecheap,,,
683b9a17-ee84-49bf-8910-c04e6a30cd51,slav.free,available,38.98,44.98,high,low,4,namecheap,,,10/09/2026 10:28
32a3d643-0530-428c-9e70-80e2ad495369,disc.free,premium,1107,1107,high,low,4,namesilo,,,
9ebc7016-a107-49f6-8486-bfc4253b5523,murphy.free,premium,130,130,high,low,6,namecheap,,,25/09/2026 07:49
4f836a53-2e8f-414a-bbec-0cd77ed718f0,explicable.free,available,38.98,44.98,medium,low,10,namecheap,,,17/08/2026 18:23
ccf20a38-477e-4f9c-a53f-484f54a5ae6b,knock.free,premium,625,,high,low,5,name.com,,,
73b8e941-e6ca-43b5-93f7-5a0de693ce25,comte.free,available,38.99,38.99,high,low,5,namesilo,,,21/09/2026 03:56
0d6eb49f-2de1-41d4-914a-b95de07f1894,scrub.free,available,38.99,38.99,high,low,5,namesilo,,,
391c0818-abb0-446f-b5c6-02b4ee81f738,usda.free,premium,1300,1300,high,low,4,namecheap,,,17/09/2026 19:25
cdccfcfb-b6ac-44f5-9d76-49d415ea798b,settled.free,premium,116,116,high,low,7,namesilo,,,12/08/2026 17:27
b1ec1313-002c-4654-bb0d-1b62f02ecafc,entering.free,premium,116,116,high,low,8,namesilo,,,22/08/2026 01:48
8a9e4e89-d7ef-4c53-919b-50955d93afb5,infected.free,premium,116,116,high,low,8,namesilo,,,22/08/2026 04:09
17c67b65-8168-4fd0-863b-47d16efe32d4,straw.free,available,38.98,44.98,high,low,5,namecheap,,,10/09/2026 22:03
4b9c70fe-d3c3-4078-a894-00689d09169c,mona.free,available,38.99,38.99,high,low,4,namesilo,,,19/09/2026 06:28
f420256b-bbf8-4c7e-90b0-d81385ea473b,prettier.free,available,38.98,44.98,medium,low,8,namecheap,,,18/09/2026 11:09
fc884a3c-2669-42da-a0c4-c6b95a1ceee6,tea.free,premium,3450,3450,high,medium,3,namesilo,,,24/09/2026 23:07
d3fb9f05-d81d-4132-a054-65f906b789e3,penciled.free,available,38.98,44.98,medium,low,8,namecheap,,,08/09/2026 13:55
4fdebc54-fbdc-4a93-91e4-89b616460868,ingrowing.free,available,38.98,44.98,medium,low,9,namecheap,,,22/08/2026 04:54
b4e9b26d-8172-4640-937f-718c6ae84286,subversive.free,available,38.98,44.98,high,low,10,namecheap,,,22/08/2026 07:46
e5fd5004-6142-448e-b611-334d00ef6825,chatty.free,available,38.98,44.98,high,low,6,namecheap,,,12/08/2026 03:17
f0e05067-284d-4649-9400-af7a4d1c8e0c,compressed.free,premium,130,130,high,low,10,namecheap,,,23/09/2026 18:05
59e6d13d-48b2-41aa-b706-f40ddc0b4a34,protocols.free,premium,116,116,high,low,9,namesilo,,,19/09/2026 04:47
9eba24b2-e689-48a6-a744-0934649f9e05,fantasy.free,premium,1107,1107,high,low,7,namesilo,,,24/09/2026 16:36
afd3c380-cb15-4e99-b3f5-038bafb72434,agent.free,resell,,,high,medium,5,Porkbun LLC,22/05/2025 18:05,22/05/2027 18:05,26/09/2026 01:26
c9f96f3d-c1fb-4692-8260-48acab8df543,accuser.free,available,38.99,38.99,high,low,7,namesilo,,,
7583ae5b-824e-4096-82cd-185701969e24,exceed.free,premium,116,116,high,low,6,namesilo,,,11/09/2026 17:21
62159f16-57f8-4c28-bce4-ff60b77b6810,untwisted.free,available,38.98,44.98,medium,low,9,namecheap,,,12/09/2026 21:56
ee35f483-2e3c-4ea0-b2e6-9e33820c759d,vestibule.free,available,38.99,38.99,high,low,9,namesilo,,,19/09/2026 12:47
801abd23-46bc-4be8-9737-c45c2b2fb697,michelson.free,available,38.98,44.98,medium,low,9,namecheap,,,16/09/2026 12:52
89a2e567-38ed-4502-9e49-7cd848727eaa,pancreas.free,available,38.99,38.99,high,low,8,namesilo,,,
c0620b93-3d02-480a-a4f4-28691915d5ef,wrinkled.free,available,38.98,44.98,medium,low,8,namecheap,,,12/09/2026 13:50
78d1ac69-c892-47be-b66f-1fab79c69258,literature.free,premium,116,116,high,low,10,namesilo,,,24/08/2026 02:03
96db25c2-a8eb-4827-8cf9-f62d1db0343e,hoofed.free,available,38.98,44.98,medium,low,6,namecheap,,,21/08/2026 13:40
813cf099-195f-4f7a-a157-3975cc59fabe,blended.free,available,38.98,44.98,high,low,7,namecheap,,,10/08/2026 14:14
01a77c40-0354-4e22-aa82-ca429961dcba,ironically.free,available,38.98,44.98,medium,low,10,namecheap,,,15/09/2026 09:24
18c3bafd-0bd5-4f86-ae47-b59d98882727,sexiness.free,available,38.99,38.99,high,low,8,namesilo,,,18/09/2026 16:14
79c2d29f-1361-4e1f-8023-b843152ab40b,pubmed.free,premium,125,,high,low,6,name.com,,,
01e7034d-20b0-4ae7-868b-3f19accdd609,hemic.free,available,38.98,44.98,low,low,5,namecheap,,,20/08/2026 21:49
3ca4c0d5-4d28-4dec-a8c7-b04cbd63f308,sissy.free,available,38.98,44.98,medium,low,5,namecheap,,,12/08/2026 08:45
ed9baa82-6a57-4d16-b6b1-d72f67ab4558,frostbite.free,premium,130,130,high,low,9,namecheap,,,24/09/2026 19:56
396a7ac8-6f87-4b95-870d-4c2dd9013f0b,vocative.free,available,38.98,44.98,medium,low,8,namecheap,,,13/09/2026 06:31
921725bd-5ec8-4a23-ad1c-b9b5623e3cc2,gaudy.free,available,38.98,44.98,medium,low,5,namecheap,,,18/08/2026 06:37
15653f87-c744-4f1f-8a9b-f38c8e392fa7,notable.free,available,38.98,44.98,high,medium,7,namecheap,,,11/08/2026 23:15
1b99daf0-652e-4c94-93f7-a1fdaaa2c1c7,sticks.free,premium,116,116,high,low,6,namesilo,,,17/09/2026 01:53
aea5ac64-210a-4da9-b2b5-eeededb1728f,roi.free,premium,1107,1107,high,low,3,namesilo,,,
829eddb4-422b-49c9-8676-a3937f43e93d,stilly.free,available,38.98,44.98,low,low,6,namecheap,,,10/09/2026 20:35
9b9a9f0e-3c87-474e-af42-0a67c02798ac,goes.free,premium,1300,1300,high,low,4,namecheap,,,25/09/2026 16:38
f8e44ecd-7e1f-472e-95b6-7dd64739aeae,those.free,premium,625,,medium,low,5,name.com,,,
efffb7f8-2eca-4c05-b5f9-2ac356683a51,arousal.free,available,38.98,44.98,high,medium,7,namecheap,,,09/09/2026 19:07
ab4a8c4b-805d-4518-9be3-f84846b6ffe6,reliably.free,available,38.98,44.98,high,low,8,namecheap,,,14/09/2026 11:46
605431d2-e9ec-4b38-a5aa-89a26913a151,irritation.free,available,38.98,44.98,high,low,10,namecheap,,,
32ef2934-c1a6-4918-bf81-6ba6b125cb08,homespun.free,available,38.98,44.98,high,low,8,namecheap,,,13/08/2026 04:23
7cb9b8a0-9d75-4f5c-946b-0be77a559c1e,concave.free,available,38.98,44.98,high,low,7,namecheap,,,12/08/2026 19:50
2d4da48b-26ca-4c16-9074-d0844e88b503,sequence.free,premium,130,130,high,low,8,namecheap,,,24/09/2026 14:56
849ee758-774f-4bf6-b2fa-ef8cb57ebc36,dawdling.free,available,38.98,44.98,medium,low,8,namecheap,,,11/09/2026 19:40
482ea1c7-a526-4b05-ba70-853ebd03dbb6,upstair.free,available,38.98,44.98,medium,low,7,namecheap,,,12/09/2026 23:20
74de1ed9-0f83-4da9-8e9e-ef5bb1373613,antitype.free,available,38.98,44.98,medium,low,8,namecheap,,,19/09/2026 15:14
43caf916-61a1-461e-87c1-aa3d175909fe,against.free,premium,116,116,medium,low,7,namesilo,,,
8415d9b8-c151-4c0c-a463-b1709ecbf19a,roving.free,available,38.98,44.98,high,low,6,namecheap,,,25/08/2026 02:22
d439be09-f132-4465-95ea-d79a71364ab2,signs.free,premium,640,640,high,low,5,namesilo,,,17/09/2026 04:39
fd514eb3-5211-4025-9819-99a0173b3251,tannish.free,available,38.98,44.98,medium,low,7,namecheap,,,11/09/2026 08:03
0b8f6d5a-5b41-4438-a416-aa3d87511d55,seedy.free,available,38.98,44.98,medium,low,5,namecheap,,,
5928113e-11c4-402a-813b-78aff46d3cd3,communities.free,premium,116,116,high,low,11,namesilo,,,17/09/2026 18:41
35f9b36c-12f1-4f37-b20e-dfdcba0ce2da,monitory.free,available,38.98,44.98,medium,low,8,namecheap,,,
dbcbc544-c262-40ec-98d4-19a01acb0b86,ripe.free,premium,1250,,high,low,4,name.com,,,
de88f4d2-da6a-4967-a114-c2c0fec4885a,adelie.free,available,38.98,44.98,medium,low,6,namecheap,,,17/09/2026 07:17
ff1bece5-e6ea-4e5c-b02b-bc651b6b414d,normality.free,available,38.99,38.99,high,low,9,namesilo,,,
662cf3f7-665c-4aa9-be6b-8b412c234d15,hypaethral.free,available,38.98,44.98,medium,low,10,namecheap,,,21/08/2026 16:39
84e3400d-0624-4bbe-922d-22f6178a6ef6,namely.free,premium,116,116,medium,low,6,namesilo,,,
b1e0c0a9-d377-4ab9-b0af-d5190b9cb36f,hats.free,premium,1250,1250,high,low,4,name.com,,,18/09/2026 07:32
9cffe357-1352-4c80-bec2-0785e03c0417,several.free,premium,116,116,high,low,7,namesilo,,,
16be5a48-defc-4a9b-90be-91d696e7185f,fettered.free,available,38.98,44.98,medium,low,8,namecheap,,,18/08/2026 02:54
6356fe0a-23d6-4cfc-b574-30abe13d278e,vanquish.free,available,38.98,44.98,high,low,8,namecheap,,,09/08/2026 05:32
9b7ef4a2-b07c-4d3c-b162-bbf29f31d4b6,precious.free,premium,116,116,high,low,8,namesilo,,,12/08/2026 04:19
dabc6e92-3e6d-4dfc-85f2-40f137a9020b,upwind.free,premium,116,116,high,low,6,namesilo,,,22/08/2026 22:35
364701c1-1371-40f0-9896-dd0280af5d7e,curve.free,premium,625,625,high,low,5,name.com,,,06/08/2026 15:00
10a3d129-bf2c-4940-b739-e64600ecadc4,conversation.free,premium,116,116,high,low,12,namesilo,,,26/09/2026 00:44
ae03f585-2b2a-4f16-8be7-8fdf259360ee,ian.free,premium,3250,3250,high,low,3,namecheap,,,25/09/2026 13:39
37c7939e-d93a-4f41-b791-bd8c01698173,meaty.free,available,38.98,44.98,high,low,5,namecheap,,,24/08/2026 18:35
0bea2242-1b6b-4015-bee7-559e36b70b2c,purr.free,available,38.98,44.98,high,low,4,namecheap,,,23/09/2026 20:53
06913a0b-2c12-4631-90dd-95dc21602cdd,godzilla.free,available,59.99,59.99,high,medium,8,name.com,,,19/09/2026 06:09
80b9437d-c5dd-4958-8b07-f1e0b14fecc6,peak.free,premium,1300,1300,high,medium,4,namecheap,,,24/09/2026 20:27
054d1a90-47bf-46e4-956d-9aa182d25899,shortly.free,premium,116,116,high,low,7,namesilo,,,
da287834-634b-4ddd-b798-0ae3482698b5,arrack.free,available,38.98,44.98,medium,low,6,namecheap,,,19/09/2026 23:47
fa9bec91-4995-4974-9614-188e4829d2ce,nebraska.free,premium,116,116,high,low,8,namesilo,,,
c99316a2-4759-438d-9d96-46f9e5ad676f,terminus.free,available,38.98,44.98,high,low,8,namecheap,,,11/09/2026 11:48
24e9fe92-dd83-4e7d-bf93-4a94b4dd977c,sioux.free,available,38.98,44.98,high,low,5,namecheap,,,10/09/2026 08:46
45d6427b-5700-4c1a-88f6-66bec4846764,procure.free,available,38.98,44.98,high,low,7,namecheap,,,10/09/2026 01:32
893c9749-8d48-4454-a71f-d0a777b45b3b,athens.free,premium,130,130,high,low,6,namecheap,,,20/09/2026 20:44
9a52a7e9-e1e5-4c72-b0a3-1caf4fde9c13,disparate.free,available,38.98,44.98,medium,low,9,namecheap,,,14/08/2026 11:52
bf675240-32ad-49ca-8fa9-abdfedccdd64,lxxv.free,available,38.98,44.98,medium,low,4,namecheap,,,
cd3a0680-24dd-4baa-9504-d5a5041d55fe,adequate.free,premium,130,130,high,low,8,namecheap,,,21/09/2026 18:22
2c3d5eb0-4514-4fe0-a8d4-51b27a0ca6c6,profile.free,premium,116,116,high,low,7,namesilo,,,
f377ba39-c3bf-4f03-a226-debc53acf5ca,verbatim.free,available,38.98,44.98,high,low,8,namecheap,,,13/09/2026 02:21
9ed28d71-5dcd-4c93-b391-83acacf284c5,illiterate.free,available,38.98,44.98,medium,low,10,namecheap,,,21/08/2026 20:03
a9b8ed93-8969-4795-9723-d2d717733fa2,annalistic.free,available,38.98,44.98,high,low,10,namecheap,,,
bf7a97f3-b3cd-430f-ab27-6d2f7af4ea33,schools.free,premium,116,116,high,low,7,namesilo,,,24/09/2026 00:37
ea597a1a-306f-45f5-9d79-9878b623dae9,answered.free,premium,116,116,high,low,8,namesilo,,,25/09/2026 16:54
f8b2f4c1-e3bc-4bd3-9df2-dd819c89fa17,askew.free,available,38.98,44.98,medium,low,5,namecheap,,,07/08/2026 03:31
ff5b11b1-ceb9-4c31-a74e-2fcb51595c9a,unwieldy.free,available,38.98,44.98,medium,low,8,namecheap,,,12/08/2026 13:10
4a4e67d5-2fdf-42bd-bf14-3ecbcee246f1,hollow.free,premium,116,116,high,low,6,namesilo,,,21/08/2026 10:31
28b090aa-5796-49ea-a16c-1e4601062df5,planetarium.free,available,38.99,38.99,high,low,11,namesilo,,,
3b5cebce-91f3-47d7-b542-b11eaa4ecb8d,vii.free,premium,3125,3125,high,low,3,name.com,,,
b3bd74f5-70b7-42fa-a715-236ff6be2f74,noticeably.free,available,38.98,44.98,medium,low,10,namecheap,,,15/09/2026 16:56
569d6ec3-c1ae-4892-82f5-2cedff6cb01e,asylum.free,premium,130,130,high,low,6,namecheap,,,20/09/2026 18:37
cfbfb717-3267-44c6-a7ff-108a51c5678c,madman.free,available,38.98,44.98,high,low,6,namecheap,,,24/08/2026 11:20
a75e978c-791c-44f8-aaba-f907dc96da04,technique.free,premium,125,,high,low,9,name.com,,,
aff8084f-219d-4871-827c-da1af0483dac,compulsive.free,available,38.98,44.98,high,low,10,namecheap,,,12/08/2026 19:40
05a60b30-f120-4811-a507-b708899bf859,duckling.free,available,38.98,44.98,high,low,8,namecheap,,,25/09/2026 00:17
1191edb7-fd0f-4c33-978d-9a577c534678,shortness.free,available,38.99,38.99,medium,low,9,namesilo,,,16/09/2026 17:27
ea2aaa22-e4e7-4272-b7af-95fd6b944b22,slight.free,premium,116,116,high,low,6,namesilo,,,
628caaf0-4d0f-4b97-854b-ee250fdda409,nubby.free,available,38.98,44.98,medium,low,5,namecheap,,,21/08/2026 11:15
be2876d4-30d2-40ac-a758-aaa01eaab4ec,exclaims.free,available,38.99,38.99,medium,low,8,namesilo,,,19/09/2026 23:36
455c7bbf-e787-4247-8d9c-ac57c48ce7fe,gentleman.free,premium,116,116,high,low,9,namesilo,,,25/09/2026 06:26
36ffbe40-d64a-46d5-b13b-0674d4f1b340,donald.free,premium,130,130,high,low,6,namecheap,,,25/09/2026 18:48
186146fb-7a64-4ecb-9384-09daef22be31,base.free,premium,1107,1107,high,medium,4,namesilo,,,22/09/2026 17:31
836a48f3-fafe-4a6f-b29a-758f5bf6ffd3,clifford.free,premium,116,116,high,low,8,namesilo,,,25/09/2026 14:06
dc2cb34e-e569-455c-a163-6c4317381aae,equitably.free,available,38.98,44.98,medium,low,9,namecheap,,,14/09/2026 15:54
9d558d97-9dc0-4dd0-8f07-e32f651a443d,antigua.free,premium,116,116,high,low,7,namesilo,,,19/09/2026 14:32
85154fe4-549c-4f69-a4d8-04eba30d713a,pocketable.free,available,38.98,44.98,medium,low,10,namecheap,,,08/09/2026 22:20
59f6f80c-ec81-476f-a360-a8f5296756da,tenor.free,available,38.98,44.98,high,low,5,namecheap,,,11/09/2026 11:24
1d1e5964-2db2-425b-be2d-ac55dc2cfe4b,crinoid.free,available,38.98,44.98,medium,low,7,namecheap,,,13/08/2026 06:58
fa1fc353-a1d3-4675-a274-210e96db9296,tai.free,premium,1107,1107,high,low,3,namesilo,,,10/09/2026 07:25
cd25d3d9-b8a7-43b1-9b9b-bb15e0596d28,heighten.free,available,38.98,44.98,high,low,8,namecheap,,,12/08/2026 19:31
68c774fa-98e9-477b-b8ab-8261507bad01,zilch.free,available,38.98,44.98,high,low,5,namecheap,,,03/09/2026 22:42
6dedd510-7bc4-4c9d-9333-e4b6784b0287,canon.free,premium,640,640,high,medium,5,namesilo,,,19/09/2026 11:56
1f60b1c1-96bd-467c-8ff3-513f4e2195f1,traffic.free,premium,125,,high,low,7,name.com,,,
620a611a-0d75-459f-af52-926cace7678a,documental.free,available,38.98,44.98,medium,low,10,namecheap,,,14/08/2026 14:27
27a8fa16-761e-4930-a09b-2758348c0445,doob.free,available,38.98,44.98,medium,low,4,namecheap,,,21/09/2026 18:37
74238be4-878d-47fa-8a1d-d7c87fbdfd3e,tenths.free,available,38.99,38.99,medium,low,6,namesilo,,,20/09/2026 23:51
43665a81-98c0-48cb-894f-6578fdd5bef2,exchanges.free,premium,116,116,medium,low,9,namesilo,,,25/09/2026 06:05
7bf40146-25ea-47e2-9cce-df1137eece11,heated.free,premium,116,116,high,low,6,namesilo,,,21/08/2026 02:17
dee82011-cecf-4806-b5f1-9655499525e1,heed.free,available,38.98,44.98,high,low,4,namecheap,,,08/09/2026 10:58
3e1d2391-6c57-4d05-907f-9dc170c3653a,sheik.free,premium,125,125,high,low,5,name.com,,,13/08/2026 17:11
207ffb9c-c8b7-4b64-81cb-c1ded0d5dcca,dispersive.free,available,38.98,44.98,medium,low,10,namecheap,,,14/08/2026 07:12
d49ee22a-8327-4209-b6ff-04f93d38d866,acapulco.free,available,38.98,44.98,high,low,8,namecheap,,,16/09/2026 21:10
1ad84a9e-d339-4a4d-b9f3-7d7364b8dce6,ruritanian.free,available,38.98,44.98,medium,low,10,namecheap,,,09/09/2026 19:43
da16c641-dcf6-4c5b-8749-91f4da217918,choosey.free,available,38.98,44.98,medium,low,7,namecheap,,,12/08/2026 06:55
cad7a71d-ba33-46ec-a2f3-cd938f5581d5,victory.free,premium,116,116,high,low,7,namesilo,,,25/09/2026 10:56
c9d45d33-4c41-4e1a-a0f8-058c49541804,preemptive.free,available,38.98,44.98,high,medium,10,namecheap,,,09/09/2026 01:06
89e01cb0-ec0a-440f-8511-e8bd67d3e232,flaxen.free,available,38.98,44.98,medium,low,6,namecheap,,,18/08/2026 07:23
140b0ede-65cc-407b-aaa4-240a0a0d6e83,downward.free,premium,116,116,high,low,8,namesilo,,,14/08/2026 17:18
556f623a-8670-44bb-b82e-12ff3a9d87e6,quarterly.free,premium,116,116,high,low,9,namesilo,,,09/09/2026 07:37
c01d23b4-d1a3-449c-a540-c63f3b197d87,dogs.free,premium,1107,1107,high,low,4,namesilo,,,17/09/2026 11:22
3f7c506f-c2ab-4923-bdd8-1b7618b1f6ce,attested.free,available,38.98,44.98,medium,low,8,namecheap,,,07/08/2026 15:41
c7c42d0f-e5fc-40d9-9ae5-62faefb7eab5,analogical.free,available,38.98,44.98,high,low,10,namecheap,,,
990a096d-ca98-48fc-8102-5b324b2425c9,eliot.free,premium,116,116,high,low,5,namesilo,,,25/09/2026 05:27
d2332c8a-851f-4a3c-b2e7-aeb10d16713b,world.free,premium,1107,1107,high,medium,5,namesilo,,,
89516c92-eb0b-4935-8b9e-21cd40d8a173,heel.free,premium,1107,1107,high,low,4,namesilo,,,
7c8a4a02-1dc1-40dc-b60b-bf17dd4ff8b9,blear.free,available,38.98,44.98,medium,low,5,namecheap,,,10/08/2026 14:01
2141b0af-c233-44ca-bd4d-4af73a8d8f71,araucaria.free,available,38.99,38.99,medium,low,9,namesilo,,,20/09/2026 00:23
e02378f1-c57d-491e-82c9-7b5e02dd98d4,account.free,premium,116,116,high,low,7,namesilo,,,23/09/2026 08:11
0a0e0e17-3bc0-4afd-9db7-66a438c10793,stealthy.free,available,38.98,44.98,medium,low,8,namecheap,,,18/08/2026 19:00
c8baabe9-dc85-45a0-b792-c03aefcad301,marathon.free,premium,130,130,high,low,8,namecheap,,,22/09/2026 15:29
e645887c-9b62-48c5-8a63-c57c07fd834a,cleansing.free,available,38.98,44.98,high,low,9,namecheap,,,
6b15880e-195a-4d14-8372-e6487f533b4e,employee.free,premium,116,116,high,low,8,namesilo,,,25/09/2026 05:30
499ea52f-3a71-4b4f-a141-e0d4c5babfe7,astronomer.free,available,38.98,44.98,high,low,10,namecheap,,,20/09/2026 18:04
97341996-d04e-446d-a069-55664dc18678,weeny.free,available,38.98,44.98,high,low,5,namecheap,,,10/08/2026 08:22
536c19cf-2c7e-43bf-9f6b-599a5b9381d1,cockle.free,available,38.98,44.98,medium,low,6,namecheap,,,12/09/2026 08:38
8969ae0d-4845-4c0d-989b-fd7feda4cb9d,darn.free,available,59.99,59.99,high,low,4,name.com,,,13/08/2026 16:10
c7168442-7962-45d5-b8fa-4b14e95a2ce5,precooked.free,available,38.98,44.98,high,medium,9,namecheap,,,09/09/2026 01:17
c32a0d1a-439e-4502-8537-63d9658cce27,aspis.free,available,38.98,44.98,medium,low,5,namecheap,,,20/09/2026 15:24
4baa8210-882e-4e14-8049-b31881c714b2,discrete.free,premium,116,116,high,low,8,namesilo,,,14/08/2026 10:02
a0de04ee-91bd-426a-90bd-5d6e9b38f87e,dust.free,premium,1300,1300,high,low,4,namecheap,,,24/09/2026 21:05
f71cf74d-ec52-49e4-8347-4796863eabb3,obnoxious.free,available,38.98,44.98,medium,low,9,namecheap,,,03/09/2026 23:32
d42bcb89-835a-4c45-b867-9fb884ad05b1,oxidised.free,available,38.98,44.98,medium,low,8,namecheap,,,04/09/2026 22:28
5c0b776a-f068-4648-b546-ce868c617f1a,uncurbed.free,available,38.98,44.98,high,low,8,namecheap,,,12/09/2026 04:34
af9527ee-10f4-4d37-bc6b-05b9f1600836,university.free,premium,1107,1107,high,low,10,namesilo,,,26/09/2026 00:46
ff8e7b8e-7531-4d02-bcea-e285191cc451,broaden.free,available,38.99,38.99,high,low,7,namesilo,,,
dde18229-5a93-4e5a-8c3a-8e2208baf9f0,calculated.free,premium,116,116,high,low,10,namesilo,,,11/08/2026 13:58
5072b89b-970a-4fde-80f1-ebda6516917e,secrets.free,premium,1300,1300,medium,low,7,namecheap,,,25/09/2026 19:59
9c85a7bf-24ea-4656-b3ff-34297249b76f,lightly.free,available,38.99,38.99,high,low,7,namesilo,,,25/09/2026 13:36
e285e331-29b1-40ed-8ba3-d042023282b3,backyard.free,premium,116,116,high,low,9,namesilo,,,21/09/2026 16:22
05d418b3-99f6-4455-8acb-23927de78209,springy.free,available,38.98,44.98,high,low,7,namecheap,,,10/08/2026 21:49
97ada014-2825-4151-b4f2-a5f61e44120d,biometrics.free,available,38.98,44.98,high,low,10,namecheap,,,23/09/2026 18:33
d6d4036a-9713-4b81-85bc-50895a0531a9,boxer.free,premium,130,130,high,low,5,namecheap,,,23/09/2026 06:29
71f4582e-e526-41ca-be28-d17d62c724fa,civilian.free,premium,116,116,high,low,8,namesilo,,,12/08/2026 09:04
cd0e8c4c-9519-41d4-a73a-d70454a335b3,sour.free,available,38.98,44.98,high,low,4,namecheap,,,20/08/2026 15:04
461acaa4-d659-49a8-af86-3f49bb27c7ad,freeborn.free,available,38.98,44.98,medium,low,8,namecheap,,,18/08/2026 14:53
8c073ae6-8dae-4424-b8a7-416aae4f0df0,cynic.free,available,38.98,44.98,high,low,5,namecheap,,,24/09/2026 20:49
8e4c3399-a5e0-43e0-8ea1-d2d365c73329,resolved.free,premium,116,116,high,low,8,namesilo,,,
51f2401f-7399-45d3-abdd-a28fe406d38a,grandmothers.free,available,38.98,44.98,high,low,12,namecheap,,,20/09/2026 18:06
702b0910-7e53-4661-a975-11eb9c762e26,lividity.free,available,38.99,38.99,medium,low,8,namesilo,,,17/09/2026 00:59
1957ded4-4b08-4914-97dc-2185d297cf00,diverted.free,available,38.98,44.98,medium,low,8,namecheap,,,
5e1629c7-46b3-4ea7-9d05-d590c0f6d94a,pushy.free,available,38.98,44.98,high,medium,5,namecheap,,,09/09/2026 06:37
f8029959-ea86-4cac-bd29-6b56faa0a2d2,brindle.free,available,38.98,44.98,medium,low,7,namecheap,,,11/08/2026 04:17
dbc0d8d3-3ba5-42d0-b9fe-799c3df389a5,interstate.free,premium,116,116,high,low,10,namesilo,,,25/09/2026 10:24
2ecf436d-664d-4bca-8096-6aeb48276abb,bayonet.free,available,38.98,44.98,high,low,7,namecheap,,,22/09/2026 18:04
ff1319b9-761f-4744-8e4f-8675c2a9de7b,password.free,premium,1300,1300,high,low,8,namecheap,,,24/09/2026 18:40
7a24699b-d316-41cf-9c80-6ab1a3f7e748,available.free,premium,116,116,high,low,9,namesilo,,,22/09/2026 14:22
2269570c-4436-42e7-97de-1bbce27ec61c,cast.free,premium,1107,1107,high,low,4,namesilo,,,
a76af160-dc4f-4546-97c2-d0bb563507c3,cut.free,premium,3450,3450,high,low,3,namesilo,,,24/09/2026 04:08
ad40c4aa-8d9c-4815-931b-f85469c4ceb2,defining.free,premium,116,116,high,low,8,namesilo,,,10/09/2026 06:00
77380951-c01e-459c-bded-4bd7dd5a11ef,aroused.free,available,38.98,44.98,high,low,7,namecheap,,,
d4a6ede0-d8b3-4f4a-8c30-fdf2be6f7470,ersatz.free,available,38.98,44.98,medium,low,6,namecheap,,,17/08/2026 13:03
f174166e-22b7-43de-9eda-f47dcf1539a4,fine.free,premium,1107,1107,high,low,4,namesilo,,,22/09/2026 01:03
587aa715-0ee3-497e-93cd-2c8bdbb9f403,accusive.free,available,38.98,44.98,low,low,8,namecheap,,,
1828349d-71e2-4b75-8617-34d239129fa8,nauseous.free,available,38.98,44.98,medium,low,8,namecheap,,,24/08/2026 08:24
a3102775-e128-4fb4-8d44-a48761cc0764,irons.free,available,38.99,38.99,high,low,5,namesilo,,,
a25182e7-6737-4d23-8907-b5e82bb41e41,religious.free,premium,116,116,high,low,9,namesilo,,,09/09/2026 13:37
6909ce80-f0b8-4673-8b3f-752fea48e2f4,whiten.free,available,38.99,38.99,medium,low,6,namesilo,,,
55fb3b02-14e1-412b-81a9-5af5ae2b792b,puglia.free,available,38.99,38.99,high,low,6,namesilo,,,19/09/2026 22:41
91605d54-1364-4e12-8c96-218aead17b18,paean.free,available,38.98,44.98,high,low,5,namecheap,,,05/09/2026 00:45
f514c736-a91c-4a9e-80c1-b8cf866f724d,likely.free,premium,130,130,high,low,6,namecheap,,,25/09/2026 13:46
83893237-7bee-4e53-a10a-020d395b8cc4,hexagonal.free,available,38.98,44.98,medium,low,9,namecheap,,,21/08/2026 07:50
80d891ce-4239-41bb-9cbb-a3fff23d4361,disordered.free,available,38.98,44.98,medium,low,10,namecheap,,,14/08/2026 11:18
c3e32f84-7519-4359-aae1-9c1e475cbf23,batiste.free,available,38.98,44.98,medium,low,7,namecheap,,,22/09/2026 14:05
8ac617e1-4aac-4097-ba32-8c56649edbac,legs.free,premium,1107,1107,high,low,4,namesilo,,,
0c43d157-b5b3-4698-a023-d23b002b8c7e,masoud.free,available,38.98,44.98,medium,low,6,namecheap,,,17/09/2026 20:25
6d7c8425-65fc-4cf2-85ed-749deee38b3e,temporal.free,premium,116,116,high,low,8,namesilo,,,11/09/2026 11:00
005367b7-2615-4bde-bb48-d492932f9c73,glassy.free,available,38.98,44.98,high,low,6,namecheap,,,20/08/2026 14:12
afb02be0-0344-4077-b5aa-cf9d98cc1e10,tosh.free,available,38.98,44.98,medium,low,4,namecheap,,,21/09/2026 23:54
c0db63a2-24d7-4597-ab59-21b76b30bf68,compilers.free,available,38.99,38.99,medium,low,9,namesilo,,,
aa6b4417-a591-4c6b-b881-db875ab19bfb,analytic.free,available,38.98,44.98,high,low,8,namecheap,,,
08e0551c-80f9-4b11-a29b-1c62bd97f63b,saxon.free,available,38.98,44.98,high,low,5,namecheap,,,09/09/2026 22:11
15e13178-7936-401b-b592-bb1ce13e270c,entrant.free,available,38.98,44.98,high,low,7,namecheap,,,18/08/2026 07:36
ec2fc5b5-62d7-470a-bf6b-9923be6a7039,sibylline.free,available,38.98,44.98,medium,low,9,namecheap,,,11/08/2026 12:20
184e0e73-d5c1-47d7-9b56-9bbabb5185a8,leaden.free,available,38.98,44.98,medium,low,6,namecheap,,,22/08/2026 21:44
651acca1-b888-4095-b036-8624f3080b85,asteroid.free,available,38.99,38.99,high,low,8,namesilo,,,22/09/2026 10:17
c296b13e-6447-4c16-8192-d649817c40b9,rootless.free,available,38.98,44.98,high,medium,8,namecheap,,,09/09/2026 18:36
20890929-6216-4ed7-9fd1-fec5927b2da8,blister.free,available,38.99,38.99,high,low,7,namesilo,,,24/09/2026 05:20
58167082-f4d3-4b2d-8694-93a6ee94d7f9,babu.free,premium,116,116,high,low,4,namesilo,,,21/09/2026 12:51
59c15852-ad57-49ec-ae52-80edc3f0dff5,forsake.free,available,38.98,44.98,medium,low,7,namecheap,,,14/08/2026 03:54
104e179f-0ef7-413a-8be2-8d9fa4dad64b,allmouth.free,available,38.99,38.99,medium,low,8,namesilo,,,18/09/2026 11:45
f805f5d7-b95b-4585-a4f3-498c08781553,tangerine.free,available,38.98,44.98,high,low,9,namecheap,,,11/09/2026 07:55
bc65ede5-18a3-4cf2-83e0-3e82e92b8d88,nonlethal.free,available,38.98,44.98,medium,low,9,namecheap,,,03/09/2026 19:40
d582159d-c24a-4a15-a80c-b8dcadec94b1,vital.free,premium,625,625,high,low,5,name.com,,,18/08/2026 18:16
22fc8d17-2e43-4547-95bf-ca1f777ec3b0,nutrients.free,available,38.99,38.99,medium,low,9,namesilo,,,21/09/2026 00:14
434e4f6b-8b8d-4021-80ec-2f0ce9dee024,investments.free,premium,625,,high,low,11,name.com,,,
ee85c3bd-b4e3-4571-9c7e-e4254d18aa35,bared.free,available,38.99,38.99,medium,low,5,namesilo,,,22/09/2026 17:24
f83397d0-3c05-44ca-b5de-8a85f31e65dc,hammered.free,available,38.98,44.98,medium,low,8,namecheap,,,20/08/2026 22:59
df3f12ac-1600-46fe-8f81-39d69d17b4b9,aggression.free,available,38.99,38.99,medium,low,10,namesilo,,,17/09/2026 17:29
c0a7f1d0-e0f0-42e5-a7c6-1e895639b642,spatter.free,available,38.98,44.98,medium,low,7,namecheap,,,15/09/2026 20:19
2f503a72-cebe-440f-b599-f5aa61872448,foodie.free,premium,116,116,high,low,6,namesilo,,,17/08/2026 10:47
684d23f9-dba3-4ad2-a166-2adb09c20ac5,superfine.free,available,38.98,44.98,high,low,9,namecheap,,,04/09/2026 21:37
b8d81edd-3ec7-4485-8744-fe6e5c1e9160,childhood.free,premium,116,116,high,low,9,namesilo,,,
b562d70c-de72-4504-95ea-0b1b48ce2eaa,lapp.free,available,38.98,44.98,high,low,4,namecheap,,,19/09/2026 15:44
2f5269f1-8ef6-4ef6-ba08-3ab5abecb811,rarefied.free,available,38.98,44.98,high,low,8,namecheap,,,17/08/2026 15:44
99bde445-20b4-4567-9bc8-d2eae7a56c27,respectively.free,premium,116,116,high,low,12,namesilo,,,
027a8b0b-296e-4ea5-b84e-1a5e7b0ce699,absorbent.free,available,38.98,44.98,high,low,9,namecheap,,,
891d29a2-1b90-4eb7-992f-5ac9c9e1f30a,decide.free,premium,116,116,high,low,6,namesilo,,,
da31be6c-0e8a-4244-8221-e5f7b35cccec,monotony.free,available,38.98,44.98,medium,low,8,namecheap,,,21/08/2026 15:10
03b1556f-d828-4a0e-be5a-3e750e2b9806,jungly.free,available,38.98,44.98,medium,low,6,namecheap,,,22/08/2026 14:27
bcb5caab-51df-4cb7-b966-99327a2bb200,loving.free,premium,116,116,high,low,6,namesilo,,,25/09/2026 14:30
2316d601-e76b-481c-9280-cbcba4d0bd63,stippled.free,available,38.98,44.98,medium,low,8,namecheap,,,14/08/2026 16:36
6f1a449e-80cc-42da-847e-151caf1007d0,westbound.free,available,38.98,44.98,high,low,9,namecheap,,,13/09/2026 10:51
bfddc10f-fb0f-4270-aaea-b69603a0a7ce,background.free,premium,116,116,high,low,10,namesilo,,,
0472c799-7948-48b5-9af1-93dde83fab9d,ugandan.free,available,38.98,44.98,high,low,7,namecheap,,,11/09/2026 22:40
18fa9924-ddb0-4142-82f0-2dcb60abe0e9,dividable.free,available,38.98,44.98,medium,low,9,namecheap,,,14/08/2026 13:41
48ec38a9-db76-4b44-8ee1-f2bb89864ff9,summery.free,available,38.98,44.98,high,low,7,namecheap,,,11/09/2026 01:38
5fa28e10-26c0-4872-83f7-e3e7b75458f2,shh.free,premium,1107,1107,high,low,3,namesilo,,,
3e9a19a2-8cba-43be-9dfd-c67292a4c467,location.free,premium,116,116,high,low,8,namesilo,,,
f4355449-5874-4770-bd3d-6467e92f8c62,reduce.free,premium,116,116,high,low,6,namesilo,,,24/09/2026 08:28
9448296b-6015-4d5a-b65c-3c6551dadae2,accountants.free,premium,640,640,medium,low,11,namesilo,,,20/09/2026 02:26
775be637-ea52-471d-b882-6219b1885a7a,untenable.free,available,38.98,44.98,medium,low,9,namecheap,,,22/08/2026 02:35
e0f8fdd7-9af2-4e30-884b-4de9c5ada7d6,scour.free,available,38.98,44.98,high,low,5,namecheap,,,10/09/2026 00:23
5c95e240-6a4b-4f25-83df-d3c46c97ae17,cager.free,available,38.98,44.98,medium,low,5,namecheap,,,22/09/2026 11:27
987741a4-74f2-4d92-bb46-b8c28a5fd5e1,acceptance.free,premium,116,116,high,low,10,namesilo,,,16/09/2026 22:01
b62b3dc3-98a2-45da-8bca-08d621f47208,haywire.free,premium,125,125,medium,low,7,name.com,,,
5348c034-d93c-46c6-818d-c85f2b4ef8aa,slashed.free,available,38.98,44.98,high,low,7,namecheap,,,10/09/2026 10:06
bfb0117e-19c8-4a25-922c-9c6b731c8e7f,sauna.free,premium,1107,1107,high,low,5,namesilo,,,
f83a5330-41f0-4813-b360-a1a96db78e41,glazed.free,available,38.98,44.98,high,low,6,namecheap,,,20/08/2026 14:05
a742e212-7ac6-4b00-96c5-fa4487368240,bracelet.free,premium,116,116,high,low,8,namesilo,,,22/09/2026 01:56
6a0e91dc-4933-4a80-a69c-72746c7742d1,synergetic.free,available,38.98,44.98,high,low,10,namecheap,,,11/09/2026 06:25
af5c8fce-f5ba-4252-aa08-a15725370b7d,affiliates.free,premium,116,116,high,low,10,namesilo,,,21/09/2026 06:56
e25caf36-f252-4a8a-830b-0671931165fc,sweetie.free,available,38.98,44.98,high,low,7,namecheap,,,10/09/2026 19:34
77a5a398-be22-49f1-8cc1-698e194fff46,casually.free,available,38.98,44.98,high,low,8,namecheap,,,14/09/2026 05:25
e092b757-cac0-4eaf-892b-ac401538de66,agitating.free,available,38.98,44.98,medium,low,9,namecheap,,,
c91b9fc9-e7e0-4443-af2f-122960f012ab,apart.free,premium,640,640,high,low,5,namesilo,,,22/09/2026 07:07
c86f1a4f-ab0c-4d17-8349-1697131e2e65,input.free,premium,640,640,high,low,5,namesilo,,,19/09/2026 11:49
3787f3f9-dfbd-49f3-bf97-8a4fd7339a76,invited.free,premium,116,116,high,low,7,namesilo,,,25/09/2026 11:51
15d89ed2-85b9-4713-80a9-94617acf040d,shining.free,available,38.99,38.99,high,low,7,namesilo,,,23/09/2026 11:49